IDfg,Name,Team,G,W,L,QS,CG,ShO,SV,HLD,BS,IP,H_pitch,ER,HR_pitch,BB_pitch,HBP_pitch,SO_pitch,AB,H_hit,1B,2B,3B,HR_hit,R,RBI,BB_hit,SO_hit,HBP_hit,SF,SH,SB,CS
10603,Chris Sale,ATL,29,18,3,18,0,0,0,0,0,177.2,141,47,9,39,8,225,0,0,0,0,0,0,0,0,0,0,0,0,0,0,0
22267,Tarik Skubal,DET,31,18,4,22,0,0,0,0,0,192,142,51,15,35,9,228,0,0,0,0,0,0,0,0,0,0,0,0,0,0,0
10310,Zack Wheeler,PHI,32,16,7,26,0,0,0,0,0,200,139,57,20,52,8,224,0,0,0,0,0,0,0,0,0,0,0,0,0,0,0
21846,Cole Ragans,KCR,32,11,9,21,1,0,0,0,0,186.1,146,65,15,67,6,223,0,0,0,0,0,0,0,0,0,0,0,0,0,0,0
18525,Dylan Cease,SDP,33,14,11,16,1,1,0,0,0,189.1,137,73,18,65,2,224,0,0,0,0,0,0,0,0,0,0,0,0,0,0,0
12447,Seth Lugo,KCR,33,16,9,22,1,0,0,0,0,206.2,177,69,16,48,9,181,0,0,0,0,0,0,0,0,0,0,0,0,0,0,0
20778,Cristopher Sanchez,PHI,31,11,9,17,2,1,0,0,0,181.2,182,67,11,44,0,153,0,0,0,0,0,0,0,0,0,0,0,0,0,0,0
27463,Garrett Crochet,CHW,32,6,12,11,0,0,0,0,0,146,123,58,18,33,5,209,0,0,0,0,0,0,0,0,0,0,0,0,0,0,0
17995,Logan Webb,SFG,33,13,10,20,1,1,0,0,0,204.2,202,79,11,50,2,172,0,0,0,0,0,0,0,0,0,0,0,0,0,0,0
33677,Paul Skenes,PIT,23,11,3,15,0,0,0,0,0,133,94,29,10,32,6,170,0,0,0,0,0,0,0,0,0,0,0,0,0,0,0
25436,George Kirby,SEA,33,14,11,20,0,0,0,0,0,191,181,75,22,23,7,179,0,0,0,0,0,0,0,0,0,0,0,0,0,0,0
22250,Logan Gilbert,SEA,33,9,12,22,1,0,0,0,0,208.2,148,75,26,37,4,220,0,0,0,0,0,0,0,0,0,0,0,0,0,0,0
19853,Michael King,SDP,31,13,9,14,0,0,0,0,0,173.2,144,57,17,63,7,201,0,0,0,0,0,0,0,0,0,0,0,0,0,0,0
19879,Tanner Houck,BOS,30,9,10,19,1,1,0,0,0,178.2,156,62,11,48,16,154,0,0,0,0,0,0,0,0,0,0,0,0,0,0,0
12768,Sonny Gray,STL,28,13,9,13,0,0,0,0,0,166.1,142,71,21,39,3,203,0,0,0,0,0,0,0,0,0,0,0,0,0,0,0
22182,Hunter Greene,CIN,26,9,5,13,0,0,0,0,0,150.1,96,46,12,57,19,169,0,0,0,0,0,0,0,0,0,0,0,0,0,0,0
14374,Tyler Glasnow,LAD,22,9,6,14,0,0,0,0,0,134,92,52,15,35,0,168,0,0,0,0,0,0,0,0,0,0,0,0,0,0,0
19361,Corbin Burnes,BAL,32,15,9,22,0,0,0,0,0,194.1,165,63,22,48,2,181,0,0,0,0,0,0,0,0,0,0,0,0,0,0,0
17295,Framber Valdez,HOU,28,15,7,17,1,0,0,0,0,176.1,140,57,13,55,6,169,0,0,0,0,0,0,0,0,0,0,0,0,0,0,0
17277,Ranger Suarez,PHI,27,12,8,11,1,1,0,0,0,150.2,140,58,14,41,5,145,0,0,0,0,0,0,0,0,0,0,0,0,0,0,0
12730,Nick Martinez,CIN,42,10,7,6,1,0,0,6,0,142.1,128,49,13,18,5,116,0,0,0,0,0,0,0,0,0,0,0,0,0,0,0
18568,Luis Arraez,SDP,150,0,0,0,0,0,0,0,0,0,0,0,0,0,0,0,637,200,161,32,3,4,83,46,24,29,8,1,2,9,3
16400,Reynaldo Lopez,ATL,26,8,5,14,0,0,0,1,0,135.2,108,30,10,42,2,148,0,0,0,0,0,0,0,0,0,0,0,0,0,0,0
13743,Max Fried,ATL,29,11,10,16,2,1,0,0,0,174.1,146,63,13,57,7,166,0,0,0,0,0,0,0,0,0,0,0,0,0,0,0
19290,Randy Arozarena,SEA,154,0,0,0,0,0,0,0,0,0,0,0,0,0,0,0,549,120,67,33,0,20,77,60,73,169,22,4,0,20,10
14078,Michael Wacha,KCR,29,13,8,14,0,0,0,0,0,166.2,154,62,17,45,5,145,0,0,0,0,0,0,0,0,0,0,0,0,0,0,0
30134,Tanner Bibee,CLE,31,12,8,12,0,0,0,0,0,173.2,150,67,22,44,8,187,0,0,0,0,0,0,0,0,0,0,0,0,0,0,0
17085,Pablo Lopez,MIN,32,15,10,18,0,0,0,0,0,185.1,180,84,26,41,8,198,0,0,0,0,0,0,0,0,0,0,0,0,0,0,0
16149,Aaron Nola,PHI,33,14,8,20,1,1,0,0,0,199.1,189,79,30,50,3,197,0,0,0,0,0,0,0,0,0,0,0,0,0,0,0
20036,Isaac Paredes,CHC,153,0,0,0,0,0,0,0,0,0,0,0,0,0,0,0,542,129,84,25,1,19,64,80,76,105,17,6,0,1,1
22201,MacKenzie Gore,WSN,32,10,12,11,0,0,0,0,0,166.1,171,72,15,65,11,181,0,0,0,0,0,0,0,0,0,0,0,0,0,0,0
25880,Hunter Brown,HOU,31,11,9,19,0,0,0,0,0,170,156,66,18,60,5,179,0,0,0,0,0,0,0,0,0,0,0,0,0,0,0
27782,Brandon Pfaadt,ARI,32,11,10,13,0,0,0,0,0,181.2,183,95,24,42,4,185,0,0,0,0,0,0,0,0,0,0,0,0,0,0,0
17874,Nestor Cortes,NYY,31,9,10,13,0,0,0,0,0,174.1,162,73,24,39,4,162,0,0,0,0,0,0,0,0,0,0,0,0,0,0,0
21390,Joe Ryan,MIN,23,7,7,13,0,0,0,0,0,135,110,54,19,23,5,147,0,0,0,0,0,0,0,0,0,0,0,0,0,0,0
13543,Blake Snell,SFG,20,5,3,10,1,1,0,0,0,104,65,36,6,44,1,145,0,0,0,0,0,0,0,0,0,0,0,0,0,0,0
33829,Shota Imanaga,CHC,29,15,3,19,0,0,0,0,0,173.1,149,56,27,28,3,174,0,0,0,0,0,0,0,0,0,0,0,0,0,0,0
17312,Justin Steele,CHC,24,5,5,11,1,0,0,0,0,134.2,111,46,12,37,4,135,0,0,0,0,0,0,0,0,0,0,0,0,0,0,0
14107,Kevin Gausman,TOR,31,14,11,16,2,1,0,0,0,181,165,77,20,56,2,162,0,0,0,0,0,0,0,0,0,0,0,0,0,0,0
21224,Bailey Ober,MIN,31,12,9,18,1,0,0,0,0,178.2,136,79,27,43,6,191,0,0,0,0,0,0,0,0,0,0,0,0,0,0,0
19291,Zac Gallen,ARI,28,14,6,12,0,0,0,0,0,148,133,60,13,54,4,156,0,0,0,0,0,0,0,0,0,0,0,0,0,0,0
29837,Bryce Miller,SEA,31,12,8,18,0,0,0,0,0,180.1,131,59,21,45,3,171,0,0,0,0,0,0,0,0,0,0,0,0,0,0,0
15873,Sean Manaea,NYM,32,12,6,15,0,0,0,0,0,181.2,134,70,21,63,9,184,0,0,0,0,0,0,0,0,0,0,0,0,0,0,0
19600,Bryan De La Cruz,PIT,149,0,0,0,0,0,0,0,0,0,0,0,0,0,0,0,584,136,90,25,0,21,61,68,29,170,3,5,0,5,2
33825,Yoshinobu Yamamoto,LAD,18,7,2,7,0,0,0,0,0,90,78,30,7,22,1,105,0,0,0,0,0,0,0,0,0,0,0,0,0,0,0
9132,Nathan Eovaldi,TEX,29,12,8,16,0,0,0,0,0,170.2,147,72,23,42,7,166,0,0,0,0,0,0,0,0,0,0,0,0,0,0,0
27867,Cade Smith,CLE,74,6,1,0,0,0,1,26,2,75.1,51,16,1,17,3,103,0,0,0,0,0,0,0,0,0,0,0,0,0,0,0
31846,Spencer Schwellenbach,ATL,21,8,7,12,0,0,0,0,0,123.2,106,46,14,23,6,127,0,0,0,0,0,0,0,0,0,0,0,0,0,0,0
20253,Griffin Jax,MIN,72,5,5,0,0,0,10,24,6,71,47,16,4,15,2,95,0,0,0,0,0,0,0,0,0,0,0,0,0,0,0
25377,Brady Singer,KCR,32,9,13,13,0,0,0,0,0,179.2,175,74,22,54,10,170,0,0,0,0,0,0,0,0,0,0,0,0,0,0,0
27636,Mitchell Parker,WSN,29,7,10,11,0,0,0,0,0,151,154,72,18,43,2,133,0,0,0,0,0,0,0,0,0,0,0,0,0,0,0
24968,Reese Olson,DET,22,4,8,9,0,0,0,0,0,112.1,100,44,7,33,4,101,0,0,0,0,0,0,0,0,0,0,0,0,0,0,0
21446,Ryan Feltner,COL,30,3,10,13,0,0,0,0,0,162.1,165,81,20,52,7,138,0,0,0,0,0,0,0,0,0,0,0,0,0,0,0
11674,Jameson Taillon,CHC,28,12,8,16,0,0,0,0,0,165.1,154,60,21,33,1,125,0,0,0,0,0,0,0,0,0,0,0,0,0,0,0
15689,Luis Castillo,SEA,30,11,12,18,0,0,0,0,0,175.1,158,71,25,47,5,175,1,0,0,0,0,0,0,0,0,1,0,0,0,0,0
18679,Freddy Peralta,MIL,32,11,9,11,0,0,0,0,0,173.2,143,71,26,68,10,200,0,0,0,0,0,0,0,0,0,0,0,0,0,0,0
30279,Bryan Woo,SEA,22,9,3,10,0,0,0,0,0,121.1,96,39,14,13,3,101,0,0,0,0,0,0,0,0,0,0,0,0,0,0,0
15823,Zack Littell,TBR,29,8,10,10,0,0,0,0,0,156.1,164,63,22,31,5,141,0,0,0,0,0,0,0,0,0,0,0,0,0,0,0
18138,Ryan Helsley,STL,65,7,4,0,0,0,49,0,4,66.1,50,15,3,23,0,79,0,0,0,0,0,0,0,0,0,0,0,0,0,0,0
31757,Mason Miller,OAK,55,2,2,0,0,0,28,0,3,65,36,18,6,21,1,104,0,0,0,0,0,0,0,0,0,0,0,0,0,0,0
21052,Luis Gil,NYY,29,15,7,10,0,0,0,0,0,151.2,104,59,18,77,8,171,0,0,0,0,0,0,0,0,0,0,0,0,0,0,0
17594,Mitch Keller,PIT,31,11,12,15,1,0,0,0,0,178,182,84,23,50,15,166,0,0,0,0,0,0,0,0,0,0,0,0,0,0,0
12304,Chris Bassitt,TOR,31,10,14,12,0,0,0,0,0,171,180,79,18,70,16,168,0,0,0,0,0,0,0,0,0,0,0,0,0,0,0
26253,Ryne Nelson,ARI,28,10,6,12,0,0,1,0,0,150.2,155,71,17,34,5,126,0,0,0,0,0,0,0,0,0,0,0,0,0,0,0
22191,Tobias Myers,MIL,27,9,6,7,0,0,0,0,0,138,126,46,18,36,5,127,0,0,0,0,0,0,0,0,0,0,0,0,0,0,0
15423,Andrew Heaney,TEX,32,5,14,7,0,0,0,0,0,160,159,76,23,41,12,159,0,0,0,0,0,0,0,0,0,0,0,0,0,0,0
21032,Emmanuel Clase,CLE,74,4,2,0,0,0,47,0,3,74.1,39,5,2,10,2,66,0,0,0,0,0,0,0,0,0,0,0,0,0,0,0
19407,Ronel Blanco,HOU,30,13,6,14,1,1,0,0,0,167.1,114,52,22,68,2,166,0,0,0,0,0,0,0,0,0,0,0,0,0,0,0
15890,Luis Severino,NYM,31,11,7,14,1,1,0,0,0,182,166,79,23,60,11,161,0,0,0,0,0,0,0,0,0,0,0,0,0,0,0
26378,Nick Lodolo,CIN,21,9,6,8,0,0,0,0,0,115.1,101,61,13,37,18,122,0,0,0,0,0,0,0,0,0,0,0,0,0,0,0
13799,Matt Strahm,PHI,66,6,2,0,0,0,3,18,6,62.2,36,13,4,11,6,79,0,0,0,0,0,0,0,0,0,0,0,0,0,0,0
23920,Brayan Bello,BOS,30,14,8,10,0,0,0,0,0,162.1,157,81,19,64,11,153,0,0,0,0,0,0,0,0,0,0,0,0,0,0,0
24492,Grayson Rodriguez,BAL,20,13,4,11,0,0,0,0,0,116.2,109,50,15,36,5,130,0,0,0,0,0,0,0,0,0,0,0,0,0,0,0
27792,Gavin Stone,LAD,25,11,5,10,1,1,0,0,0,140.1,133,55,18,37,2,116,0,0,0,0,0,0,0,0,0,0,0,0,0,0,0
9803,Miles Mikolas,STL,32,10,11,15,0,0,0,0,0,171.2,194,102,26,25,5,122,0,0,0,0,0,0,0,0,0,0,0,0,0,0,0
16977,Trevor Williams,WSN,13,6,1,1,0,0,0,0,0,66.2,51,15,3,18,0,59,0,0,0,0,0,0,0,0,0,0,0,0,0,0,0
15454,Nick Pivetta,BOS,27,6,12,11,0,0,0,0,0,145.2,128,67,28,36,1,172,0,0,0,0,0,0,0,0,0,0,0,0,0,0,0
17432,Jeff Hoffman,PHI,68,3,3,0,0,0,10,21,3,66.1,48,16,6,16,3,89,0,0,0,0,0,0,0,0,0,0,0,0,0,0,0
20302,David Peterson,NYM,21,10,3,12,0,0,0,0,0,121,110,39,8,46,7,101,0,0,0,0,0,0,0,0,0,0,0,0,0,0,0
20531,Kutter Crawford,BOS,33,9,16,15,0,0,0,0,0,183.2,155,89,34,51,9,175,0,0,0,0,0,0,0,0,0,0,0,0,0,0,0
26221,Ryan Pepiot,TBR,26,8,8,9,0,0,0,0,0,130,102,52,17,48,7,142,0,0,0,0,0,0,0,0,0,0,0,0,0,0,0
9073,Kirby Yates,TEX,61,7,2,0,0,0,33,2,1,61.2,23,8,3,28,2,85,0,0,0,0,0,0,0,0,0,0,0,0,0,0,0
8241,David Robertson,TEX,68,3,4,0,0,0,2,34,8,72,53,24,5,27,5,99,0,0,0,0,0,0,0,0,0,0,0,0,0,0,0
21504,Jake Irvin,WSN,33,10,14,16,0,0,0,0,0,187.2,173,92,29,52,4,156,0,0,0,0,0,0,0,0,0,0,0,0,0,0,0
13125,Gerrit Cole,NYY,17,8,5,8,0,0,0,0,0,95,78,36,11,29,6,99,0,0,0,0,0,0,0,0,0,0,0,0,0,0,0
26108,Andre Pallante,STL,29,8,8,7,0,0,0,1,0,121.1,110,51,8,48,2,94,0,0,0,0,0,0,0,0,0,0,0,0,0,0,0
25550,Matt Waldron,SDP,27,7,11,10,0,0,0,0,0,146.2,145,80,21,40,11,133,0,0,0,0,0,0,0,0,0,0,0,0,0,0,0
27863,Jared Jones,PIT,22,6,8,11,0,0,0,0,0,121.2,106,56,18,39,5,132,0,0,0,0,0,0,0,0,0,0,0,0,0,0,0
24494,Simeon Woods Richardson,MIN,28,5,5,7,0,0,0,0,0,133.2,125,62,16,48,3,117,0,0,0,0,0,0,0,0,0,0,0,0,0,0,0
14916,Jon Gray,TEX,23,5,6,7,0,0,0,0,0,102.2,107,51,11,28,0,86,0,0,0,0,0,0,0,0,0,0,0,0,0,0,0
15761,Joe Jimenez,ATL,69,1,5,0,0,0,3,27,3,68.2,45,20,2,23,4,82,0,0,0,0,0,0,0,0,0,0,0,0,0,0,0
16137,Carlos Rodon,NYY,32,16,9,16,0,0,0,0,0,175,157,77,31,57,10,195,0,0,0,0,0,0,0,0,0,0,0,0,0,0,0
20423,Ryan Walker,SFG,76,10,4,0,0,0,10,21,4,80,50,17,5,18,9,99,0,0,0,0,0,0,0,0,0,0,0,0,0,0,0
20070,Bailey Falter,PIT,28,8,9,8,0,0,0,0,0,142.1,138,70,17,45,0,97,0,0,0,0,0,0,0,0,0,0,0,0,0,0,0
22100,Jose Soriano,LAA,22,6,7,0,0,0,0,1,0,113,91,43,8,45,9,97,0,0,0,0,0,0,0,0,0,0,0,0,0,0,0
9323,Patrick Corbin,WSN,32,6,13,9,0,0,0,0,0,174.2,208,109,25,54,3,139,0,0,0,0,0,0,0,0,0,0,0,0,0,0,0
19899,Clarke Schmidt,NYY,16,5,5,2,0,0,0,0,0,85.1,71,27,8,30,9,93,0,0,0,0,0,0,0,0,0,0,0,0,0,0,0
20454,Jazz Chisholm Jr.,NYY,147,0,0,0,0,0,0,0,0,0,0,0,0,0,0,0,562,144,95,21,4,24,74,73,53,152,4,2,0,40,10
26389,DJ Herz,WSN,19,4,9,2,0,0,0,0,0,88.2,76,41,11,36,3,106,0,0,0,0,0,0,0,0,0,0,0,0,0,0,0
20539,Edwin Uceta,TBR,30,2,0,0,0,0,5,7,0,41.2,26,7,2,8,1,57,0,0,0,0,0,0,0,0,0,0,0,0,0,0,0
21897,Christopher Morel,TBR,152,0,0,0,0,0,0,0,0,0,0,0,0,0,0,0,535,105,70,11,3,21,56,60,61,159,10,5,0,8,7
12880,Tyler Anderson,LAA,31,10,15,12,0,0,0,0,0,179.1,158,76,24,73,7,142,0,0,0,0,0,0,0,0,0,0,0,0,0,0,0
13145,Josh Bell,ARI,145,0,0,0,0,0,0,0,0,0,0,0,0,0,0,0,538,134,90,23,2,19,62,71,51,120,6,3,0,0,1
29921,Spencer Arrighetti,HOU,29,7,13,10,0,0,0,0,0,145,139,73,21,65,7,171,0,0,0,0,0,0,0,0,0,0,0,0,0,0,0
25636,Hunter Gaddis,CLE,78,6,3,0,0,0,0,33,5,74.2,43,13,4,14,4,66,0,0,0,0,0,0,0,0,0,0,0,0,0,0,0
17130,Raisel Iglesias,ATL,66,6,2,0,0,0,34,0,4,69.1,38,15,4,13,3,68,0,0,0,0,0,0,0,0,0,0,0,0,0,0,0
22210,Jeremiah Estrada,SDP,62,6,3,0,0,0,1,16,3,61,42,20,4,23,0,94,0,0,0,0,0,0,0,0,0,0,0,0,0,0,0
27597,Cody Bradford,TEX,14,6,3,8,0,0,0,0,0,76.1,64,30,10,13,1,70,0,0,0,0,0,0,0,0,0,0,0,0,0,0,0
21461,Cole Sands,MIN,62,9,1,0,0,0,4,5,3,71.1,59,26,6,12,6,85,0,0,0,0,0,0,0,0,0,0,0,0,0,0,0
22543,Taj Bradley,TBR,25,8,11,10,0,0,0,0,0,138,122,63,22,47,3,154,0,0,0,0,0,0,0,0,0,0,0,0,0,0,0
10123,Kyle Gibson,STL,30,8,8,13,0,0,0,0,0,169.2,161,80,23,68,4,151,0,0,0,0,0,0,0,0,0,0,0,0,0,0,0
25648,Justin Slaten,BOS,44,6,2,0,0,0,2,13,3,55.1,47,18,4,9,2,58,0,0,0,0,0,0,0,0,0,0,0,0,0,0,0
31776,Orion Kerkering,PHI,64,5,3,0,0,0,0,14,2,63,51,16,2,17,8,74,0,0,0,0,0,0,0,0,0,0,0,0,0,0,0
23363,Robert Garcia,WSN,72,3,6,0,0,0,0,13,4,59.2,55,28,4,16,1,75,0,0,0,0,0,0,0,0,0,0,0,0,0,0,0
6175,Albert Suarez,BAL,32,9,7,7,0,0,0,1,1,133.2,130,55,17,43,3,108,0,0,0,0,0,0,0,0,0,0,0,0,0,0,0
27451,Alec Marsh,KCR,26,9,9,5,0,0,0,0,0,129,123,65,19,39,11,123,0,0,0,0,0,0,0,0,0,0,0,0,0,0,0
19350,Dean Kremer,BAL,24,8,10,9,0,0,0,0,0,129.2,110,59,18,51,3,123,0,0,0,0,0,0,0,0,0,0,0,0,0,0,0
26231,Tyler Holton,DET,66,7,2,0,0,0,8,14,0,94.1,57,23,7,17,4,77,0,0,0,0,0,0,0,0,0,0,0,0,0,0,0
14221,Jorge Soler,ATL,142,0,0,0,0,0,0,0,0,0,0,0,0,0,0,0,493,119,63,34,1,21,84,64,68,141,6,4,0,1,0
12970,Joe Musgrove,SDP,19,6,5,10,0,0,0,0,0,99.2,94,43,14,23,10,101,0,0,0,0,0,0,0,0,0,0,0,0,0,0,0
24453,Justin Martinez,ARI,64,5,6,0,0,0,8,7,2,72.2,59,20,2,36,2,91,0,0,0,0,0,0,0,0,0,0,0,0,0,0,0
23150,Osvaldo Bido,OAK,16,5,3,4,0,0,0,1,0,63.1,43,24,3,26,7,63,0,0,0,0,0,0,0,0,0,0,0,0,0,0,0
3096,Kenley Jansen,BOS,54,4,2,0,0,0,27,0,4,54.2,38,20,4,20,1,62,0,0,0,0,0,0,0,0,0,0,0,0,0,0,0
21318,Tylor Megill,NYM,16,4,5,3,0,0,0,0,0,78,70,35,8,32,4,91,0,0,0,0,0,0,0,0,0,0,0,0,0,0,0
19362,Keegan Akin,BAL,66,3,1,0,0,0,1,6,3,78.2,55,29,9,19,2,97,0,0,0,0,0,0,0,0,0,0,0,0,0,0,0
24586,Kyle Bradish,BAL,8,2,0,2,0,0,0,0,0,39.1,27,12,2,15,3,53,0,0,0,0,0,0,0,0,0,0,0,0,0,0,0
19876,Kevin Ginkel,ARI,72,8,3,0,0,0,5,17,6,70,69,25,6,15,3,77,0,0,0,0,0,0,0,0,0,0,0,0,0,0,0
5235,Justin Turner,SEA,139,0,0,0,0,0,0,0,0,0,0,0,0,0,0,0,460,119,84,24,0,11,59,55,59,95,13,7,0,0,2
2520,Lance Lynn,STL,23,7,4,7,0,0,0,0,0,117.1,113,50,16,44,4,109,0,0,0,0,0,0,0,0,0,0,0,0,0,0,0
25645,Declan Cronin,MIA,56,3,4,0,0,0,0,8,1,70.1,75,34,1,25,5,72,0,0,0,0,0,0,0,0,0,0,0,0,0,0,0
30122,Gavin Williams,CLE,16,3,10,3,0,0,0,0,0,76,72,41,7,32,3,79,0,0,0,0,0,0,0,0,0,0,0,0,0,0,0
13896,Chris Flexen,CHW,33,3,15,10,0,0,0,0,0,160,180,88,24,63,2,123,0,0,0,0,0,0,0,0,0,0,0,0,0,0,0
20116,Calvin Faucher,MIA,53,2,3,0,0,0,6,11,2,53.2,49,19,0,26,4,63,0,0,0,0,0,0,0,0,0,0,0,0,0,0,0
20492,Casey Mize,DET,22,2,6,6,0,0,0,0,0,102.1,121,51,11,29,2,78,0,0,0,0,0,0,0,0,0,0,0,0,0,0,0
23590,Ben Brown,CHC,15,1,3,2,0,0,0,1,0,55.1,41,22,5,19,1,64,0,0,0,0,0,0,0,0,0,0,0,0,0,0,0
23429,JP Sears,OAK,32,11,13,13,0,0,0,0,0,180.2,172,88,28,49,14,137,0,0,0,0,0,0,0,0,0,0,0,0,0,0,0
27707,Mitch Spence,OAK,35,8,10,4,0,0,0,1,0,151.1,165,77,20,44,6,126,0,0,0,0,0,0,0,0,0,0,0,0,0,0,0
21029,Jhoan Duran,MIN,58,6,9,0,0,0,23,7,2,54.1,48,22,4,15,6,66,0,0,0,0,0,0,0,0,0,0,0,0,0,0,0
14857,Joe Mantiply,ARI,75,6,2,0,0,0,1,16,0,59.2,52,26,1,18,0,53,0,0,0,0,0,0,0,0,0,0,0,0,0,0,0
16561,Austin Gomber,COL,30,5,12,12,0,0,0,0,0,165,178,87,30,38,1,116,0,0,0,0,0,0,0,0,0,0,0,0,0,0,0
17982,Ty France,CIN,140,0,0,0,0,0,0,0,0,0,0,0,0,0,0,0,479,112,75,24,0,13,46,51,38,114,13,5,0,1,1
13649,Clay Holmes,NYY,67,3,5,0,0,0,30,2,13,63,60,22,4,22,3,68,0,0,0,0,0,0,0,0,0,0,0,0,0,0,0
16939,Lane Thomas,CLE,130,0,0,0,0,0,0,0,0,0,0,0,0,0,0,0,472,112,68,26,3,15,65,63,44,137,7,5,0,32,14
7048,Fernando Cruz,CIN,69,3,8,0,0,0,0,23,3,66.2,54,36,9,35,1,109,0,0,0,0,0,0,0,0,0,0,0,0,0,0,0
16944,Grant Holmes,ATL,26,2,1,1,0,0,0,1,1,68.1,66,27,7,15,2,70,0,0,0,0,0,0,0,0,0,0,0,0,0,0,0
19447,Patrick Sandoval,LAA,16,2,8,4,0,0,0,0,0,79.2,85,45,8,35,3,81,0,0,0,0,0,0,0,0,0,0,0,0,0,0,0
29911,Andrew Abbott,CIN,25,10,10,9,0,0,0,0,0,138,127,57,25,52,2,114,0,0,0,0,0,0,0,0,0,0,0,0,0,0,0
4676,Charlie Morton,ATL,30,8,10,12,0,0,0,0,0,165.1,154,77,23,65,18,167,0,0,0,0,0,0,0,0,0,0,0,0,0,0,0
13133,Derek Law,WSN,75,7,4,0,0,0,1,17,4,90,82,26,7,24,1,76,0,0,0,0,0,0,0,0,0,0,0,0,0,0,0
13074,Yu Darvish,SDP,16,7,3,5,0,0,0,0,0,81.2,65,30,12,22,3,78,0,0,0,0,0,0,0,0,0,0,0,0,0,0,0
14710,Edwin Diaz,NYM,54,6,4,0,0,0,20,2,7,53.2,36,21,7,20,3,84,0,0,0,0,0,0,0,0,0,0,0,0,0,0,0
24975,Cooper Criswell,BOS,26,6,5,1,0,0,0,0,0,99.1,103,45,10,31,7,73,0,0,0,0,0,0,0,0,0,0,0,0,0,0,0
25007,Alex Vesia,LAD,67,5,4,0,0,0,5,13,2,66.1,33,13,7,33,1,87,0,0,0,0,0,0,0,0,0,0,0,0,0,0,0
23796,Ryan Weathers,MIA,16,5,6,7,0,0,0,0,0,86.2,78,35,11,24,9,80,0,0,0,0,0,0,0,0,0,0,0,0,0,0,0
10233,Aroldis Chapman,PIT,68,5,5,0,0,0,14,22,5,61.2,44,26,5,39,2,98,0,0,0,0,0,0,0,0,0,0,0,0,0,0,0
31730,Jonathan Cannon,CHW,23,5,10,7,0,0,1,0,0,124.1,125,62,18,40,4,91,0,0,0,0,0,0,0,0,0,0,0,0,0,0,0
22264,Shane Baz,TBR,14,4,3,8,0,0,0,0,0,79.1,57,27,9,27,4,69,0,0,0,0,0,0,0,0,0,0,0,0,0,0,0
16258,Aaron Bummer,ATL,56,4,3,0,0,0,0,2,3,55.1,61,22,2,18,2,69,0,0,0,0,0,0,0,0,0,0,0,0,0,0,0
20020,John Schreiber,KCR,59,4,3,0,0,0,2,23,3,51.2,48,21,1,20,4,46,0,0,0,0,0,0,0,0,0,0,0,0,0,0,0
13590,Jesse Winker,NYM,145,0,0,0,0,0,0,0,0,0,0,0,0,0,0,0,430,109,72,23,0,14,63,58,63,106,10,3,2,14,4
19769,Will Vest,DET,69,3,4,0,0,0,2,14,6,70.1,61,22,3,18,3,63,0,0,0,0,0,0,0,0,0,0,0,0,0,0,0
20039,Adrian Morejon,SDP,60,3,2,0,0,0,2,12,2,63.2,63,20,4,21,1,71,0,0,0,0,0,0,0,0,0,0,0,0,0,0,0
16512,Isiah Kiner-Falefa,PIT,133,0,0,0,0,0,0,0,0,0,0,0,0,0,0,0,465,125,95,18,4,8,53,43,16,78,10,2,3,11,2
30056,David Festa,MIN,14,2,6,1,0,0,0,0,0,64.1,62,35,9,23,2,77,0,0,0,0,0,0,0,0,0,0,0,0,0,0,0
13273,Ross Stripling,OAK,22,2,11,2,0,0,0,1,0,85.1,109,57,7,22,1,49,0,0,0,0,0,0,0,0,0,0,0,0,0,0,0
14168,Jose Berrios,TOR,32,16,11,0,1,0,0,0,0,192.1,168,77,31,54,13,153,0,0,0,0,0,0,0,0,0,0,0,0,0,0,0
11423,Jose Quintana,NYM,31,10,10,12,0,0,0,0,0,170.1,150,71,22,63,11,135,0,0,0,0,0,0,0,0,0,0,0,0,0,0,0
13431,Marcus Stroman,NYY,30,10,9,9,0,0,1,0,0,154.2,167,74,19,60,8,113,0,0,0,0,0,0,0,0,0,0,0,0,0,0,0
20548,Bowden Francis,TOR,27,8,5,7,0,0,0,0,0,103.2,74,38,17,22,7,92,0,0,0,0,0,0,0,0,0,0,0,0,0,0,0
12572,Blake Treinen,LAD,50,7,3,0,0,0,1,16,4,46.2,33,10,5,11,2,56,0,0,0,0,0,0,0,0,0,0,0,0,0,0,0
23313,Jose Butto,NYM,30,7,3,0,0,0,3,4,3,74,41,21,6,38,5,79,0,0,0,0,0,0,0,0,0,0,0,0,0,0,0
16918,Luke Weaver,NYY,62,7,3,0,0,0,4,22,0,84,52,27,10,26,4,103,0,0,0,0,0,0,0,0,0,0,0,0,0,0,0
27646,Luis L. Ortiz,PIT,37,7,6,7,0,0,1,1,2,135.2,109,50,16,42,9,107,0,0,0,0,0,0,0,0,0,0,0,0,0,0,0
21741,Javier Assad,CHC,29,7,6,6,0,0,0,0,0,147,143,61,20,63,5,124,0,0,0,0,0,0,0,0,0,0,0,0,0,0,0
25139,Tim Herrin,CLE,75,5,1,0,0,0,0,16,2,65.2,39,14,2,25,5,68,0,0,0,0,0,0,0,0,0,0,0,0,0,0,0
20099,Chris Paddack,MIN,17,5,3,4,0,0,0,0,0,88.1,102,49,14,21,1,79,0,0,0,0,0,0,0,0,0,0,0,0,0,0,0
17722,Trevor Megill,MIL,48,1,3,0,0,0,21,6,3,46.1,33,14,4,14,1,50,0,0,0,0,0,0,0,0,0,0,0,0,0,0,0
33838,Yariel Rodriguez,TOR,21,1,8,0,0,0,0,0,0,86.2,74,43,11,40,3,85,0,0,0,0,0,0,0,0,0,0,0,0,0,0,0
25385,Drew Rasmussen,TBR,16,0,2,0,0,0,1,3,0,28.2,25,9,0,6,0,35,0,0,0,0,0,0,0,0,0,0,0,0,0,0,0
12317,Colin Rea,MIL,32,12,6,8,0,0,1,1,0,167.2,169,80,29,43,10,135,0,0,0,0,0,0,0,0,0,0,0,0,0,0,0
27517,Jared Koenig,MIL,55,9,4,0,0,0,1,10,2,62,54,17,4,23,4,63,0,0,0,0,0,0,0,0,0,0,0,0,0,0,0
30115,Robert Suarez,SDP,65,9,3,0,0,0,36,1,6,65,52,20,7,16,0,59,0,0,0,0,0,0,0,0,0,0,0,0,0,0,0
16866,Reed Garrett,NYM,53,8,5,0,0,0,4,14,5,57.1,50,24,6,30,2,83,0,0,0,0,0,0,0,0,0,0,0,0,0,0,0
14212,Josh Hader,HOU,71,8,8,0,0,0,34,0,4,71,43,30,12,25,1,105,0,0,0,0,0,0,0,0,0,0,0,0,0,0,0
18015,Paul DeJong,KCR,139,0,0,0,0,0,0,0,0,0,0,0,0,0,0,0,445,101,60,17,0,24,54,56,23,156,9,5,0,2,2
16647,Ryan Thompson,ARI,67,7,5,0,0,0,2,24,7,66.1,64,24,5,15,1,52,0,0,0,0,0,0,0,0,0,0,0,0,0,0,0
17734,Evan Phillips,LAD,61,5,1,0,0,0,18,9,4,54.2,48,22,6,17,1,63,0,0,0,0,0,0,0,0,0,0,0,0,0,0,0
19742,Anthony Bender,MIA,59,5,2,0,0,0,1,15,4,53,50,24,3,18,4,59,0,0,0,0,0,0,0,0,0,0,0,0,0,0,0
13346,Hoby Milner,MIL,61,5,1,0,0,0,1,5,0,64.2,63,34,6,14,2,64,0,0,0,0,0,0,0,0,0,0,0,0,0,0,0
16256,Kyle Freeland,COL,21,5,8,10,0,0,0,0,0,113.1,134,66,22,26,1,85,0,0,0,0,0,0,0,0,0,0,0,0,0,0,0
2967,Tommy Pham,KCR,116,0,0,0,0,0,0,0,0,0,0,0,0,0,0,0,440,109,77,20,3,9,49,39,35,106,2,1,0,7,3
26413,Porter Hodge,CHC,39,3,1,0,0,0,9,9,3,43,19,9,2,19,1,52,0,0,0,0,0,0,0,0,0,0,0,0,0,0,0
16609,Bryan Abreu,HOU,78,3,3,0,0,0,1,38,7,78.1,59,27,9,32,6,103,0,0,0,0,0,0,0,0,0,0,0,0,0,0,0
11847,Chris Martin,BOS,45,3,1,0,0,0,2,15,4,44.1,47,17,5,3,3,50,0,0,0,0,0,0,0,0,0,0,0,0,0,0,0
12972,Joe Ross,MIL,25,3,6,2,0,0,0,0,0,74,72,31,7,29,1,66,0,0,0,0,0,0,0,0,0,0,0,0,0,0,0
33876,Rhett Lowder,CIN,6,2,2,1,0,0,0,0,0,30.2,25,4,0,14,0,22,0,0,0,0,0,0,0,0,0,0,0,0,0,0,0
23055,Dedniel Nunez,NYM,25,2,0,0,0,0,1,9,1,35,24,9,3,8,0,48,0,0,0,0,0,0,0,0,0,0,0,0,0,0,0
15440,Matthew Boyd,CLE,8,2,2,3,0,0,0,0,0,39.2,32,12,4,13,2,46,0,0,0,0,0,0,0,0,0,0,0,0,0,0,0
11445,Mark Canha,SFG,125,0,0,0,0,0,0,0,0,0,0,0,0,0,0,0,393,95,68,20,0,7,46,42,51,96,13,5,0,7,0
21455,Kris Bubic,KCR,27,1,1,0,0,0,1,7,3,30.1,26,9,2,5,0,39,0,0,0,0,0,0,0,0,0,0,0,0,0,0,0
14932,Ben Lively,CLE,29,13,10,9,0,0,0,0,0,151,139,64,23,49,5,118,0,0,0,0,0,0,0,0,0,0,0,0,0,0,0
27758,Kyle Harrison,SFG,24,7,7,9,0,0,0,0,0,124.1,125,63,18,42,7,118,0,0,0,0,0,0,0,0,0,0,0,0,0,0,0
14524,Jose Leclerc,TEX,64,6,5,0,0,0,1,13,3,66.2,56,32,7,32,4,89,0,0,0,0,0,0,0,0,0,0,0,0,0,0,0
25679,Kevin Kelly,TBR,68,5,2,0,0,0,1,17,3,70.2,59,21,7,9,5,63,0,0,0,0,0,0,0,0,0,0,0,0,0,0,0
19996,Dylan Lee,ATL,52,4,2,0,0,0,0,9,2,59.2,49,14,7,17,0,76,0,0,0,0,0,0,0,0,0,0,0,0,0,0,0
24719,Randy Vasquez,SDP,20,4,7,6,0,0,0,0,0,98,119,53,13,29,6,62,0,0,0,0,0,0,0,0,0,0,0,0,0,0,0
19926,Tony Santillan,CIN,29,3,3,0,0,0,0,4,2,30,21,10,4,9,0,46,0,0,0,0,0,0,0,0,0,0,0,0,0,0,0
19427,Shane Bieber,CLE,2,2,0,2,0,0,0,0,0,12,10,0,0,1,0,20,0,0,0,0,0,0,0,0,0,0,0,0,0,0,0
7005,Ryan Pressly,HOU,59,2,3,0,0,0,4,25,8,56.2,58,22,4,18,2,58,0,0,0,0,0,0,0,0,0,0,0,0,0,0,0
15816,Devin Williams,MIL,22,1,0,0,0,0,14,0,1,21.2,10,3,1,11,2,38,0,0,0,0,0,0,0,0,0,0,0,0,0,0,0
24862,Ryan Fernandez,STL,62,1,6,0,0,0,2,12,3,66.2,58,26,4,32,2,71,0,0,0,0,0,0,0,0,0,0,0,0,0,0,0
10681,Gio Urshela,ATL,128,0,0,0,0,0,0,0,0,0,0,0,0,0,0,0,432,108,79,19,1,9,34,52,23,72,1,5,0,0,0
11680,Elias Diaz,SDP,96,0,0,0,0,0,0,0,0,0,0,0,0,0,0,0,325,86,60,20,0,6,27,39,20,69,4,2,0,0,0
17484,Eloy Jimenez,BAL,98,0,0,0,0,0,0,0,0,0,0,0,0,0,0,0,324,77,57,14,0,6,25,23,22,70,2,1,0,3,0
26257,Joey Estes,OAK,25,7,9,8,1,1,0,1,0,127.2,130,71,23,27,10,92,0,0,0,0,0,0,0,0,0,0,0,0,0,0,0
19924,Bryan Hudson,MIL,43,6,1,0,0,0,0,14,3,62.1,28,12,7,17,3,62,0,0,0,0,0,0,0,0,0,0,0,0,0,0,0
30133,Brant Hurter,DET,10,6,1,0,0,0,0,0,0,45.1,34,13,4,6,0,38,0,0,0,0,0,0,0,0,0,0,0,0,0,0,0
11156,Merrill Kelly,ARI,13,5,1,5,0,0,0,0,0,73.2,67,33,11,19,2,63,0,0,0,0,0,0,0,0,0,0,0,0,0,0,0
8700,Justin Verlander,HOU,17,5,6,6,0,0,0,0,0,90.1,98,55,15,27,6,74,0,0,0,0,0,0,0,0,0,0,0,0,0,0,0
26079,Beau Brieske,DET,46,4,5,0,0,0,1,6,1,67.2,55,27,5,30,2,69,0,0,0,0,0,0,0,0,0,0,0,0,0,0,0
19481,Tyler Ferguson,OAK,48,4,2,0,0,0,2,11,2,51.1,32,21,4,24,2,62,0,0,0,0,0,0,0,0,0,0,0,0,0,0,0
27468,Reid Detmers,LAA,17,4,9,4,0,0,0,0,0,87.1,98,65,18,38,2,109,0,0,0,0,0,0,0,0,0,0,0,0,0,0,0
20373,Andres Munoz,SEA,60,3,7,0,0,0,22,6,5,59.1,31,14,6,26,3,77,0,0,0,0,0,0,0,0,0,0,0,0,0,0,0
16207,Spencer Turnbull,PHI,17,3,0,2,0,0,0,1,0,54.1,37,16,6,20,5,58,0,0,0,0,0,0,0,0,0,0,0,0,0,0,0
15518,Amed Rosario,CIN,103,0,0,0,0,0,0,0,0,0,0,0,0,0,0,0,332,93,69,18,3,3,29,32,9,73,4,1,0,13,5
19959,Jesus Luzardo,MIA,12,3,6,0,0,0,0,0,0,66.2,61,37,9,22,2,58,0,0,0,0,0,0,0,0,0,0,0,0,0,0,0
25942,Andrew Nardi,MIA,59,3,2,0,0,0,0,15,6,49.2,44,28,7,18,1,70,0,0,0,0,0,0,0,0,0,0,0,0,0,0,0
29812,Robert Gasser,MIL,5,2,0,2,0,0,0,0,0,28,28,8,2,1,3,16,0,0,0,0,0,0,0,0,0,0,0,0,0,0,0
23455,Hunter Stratton,PIT,36,2,1,0,0,0,1,5,2,37.2,37,15,3,7,3,33,0,0,0,0,0,0,0,0,0,0,0,0,0,0,0
11281,Whit Merrifield,ATL,95,0,0,0,0,0,0,0,0,0,0,0,0,0,0,0,293,65,49,9,3,4,44,15,35,52,3,0,4,17,3
19614,Cionel Perez,BAL,62,2,0,0,0,0,2,22,1,53.2,47,27,0,28,5,46,0,0,0,0,0,0,0,0,0,0,0,0,0,0,0
16535,Danny Jansen,BOS,94,0,0,0,0,0,0,0,0,0,0,0,0,0,0,0,278,57,35,13,0,9,35,24,40,61,3,3,0,0,0
22533,Michel Otanez,OAK,36,1,0,0,0,0,1,6,2,34,27,13,2,20,3,55,0,0,0,0,0,0,0,0,0,0,0,0,0,0,0
19261,Ian Hamilton,NYY,35,0,1,0,0,0,1,11,1,37.2,37,16,2,14,3,41,0,0,0,0,0,0,0,0,0,0,0,0,0,0,0
16511,Jordan Montgomery,ARI,25,8,7,6,0,0,1,0,0,117,149,81,14,44,2,83,0,0,0,0,0,0,0,0,0,0,0,0,0,0,0
12155,Eddie Rosario,- - -,91,0,0,0,0,0,0,0,0,0,0,0,0,0,0,0,297,52,30,12,0,10,33,35,16,77,0,4,2,9,1
12434,Kevin Pillar,LAA,100,0,0,0,0,0,0,0,0,0,0,0,0,0,0,0,284,65,40,16,1,8,38,45,16,69,10,3,1,12,3
27572,Carmen Mlodzinski,PIT,40,5,5,0,0,0,0,5,2,50.2,41,19,3,19,2,46,0,0,0,0,0,0,0,0,0,0,0,0,0,0,0
27552,Graham Ashcraft,CIN,15,5,5,3,0,0,0,0,0,77.1,89,45,11,27,6,57,0,0,0,0,0,0,0,0,0,0,0,0,0,0,0
25911,Yennier Cano,BAL,70,4,3,0,0,0,5,34,3,60,54,21,6,24,1,65,0,0,0,0,0,0,0,0,0,0,0,0,0,0,0
17948,Trent Thornton,SEA,71,4,3,0,0,0,1,10,0,72.1,63,29,8,19,5,77,0,0,0,0,0,0,0,0,0,0,0,0,0,0,0
13620,Carson Kelly,- - -,91,0,0,0,0,0,0,0,0,0,0,0,0,0,0,0,281,67,48,9,1,9,32,37,25,55,6,1,0,0,0
21690,Edward Cabrera,MIA,20,4,8,5,0,0,0,0,0,96.1,82,53,15,50,5,107,0,0,0,0,0,0,0,0,0,0,0,0,0,0,0
29869,Michael McGreevy,STL,4,3,0,2,0,0,0,0,0,23,16,5,1,2,1,18,0,0,0,0,0,0,0,0,0,0,0,0,0,0,0
15541,Tyler Rogers,SFG,77,3,4,0,0,0,1,32,2,70.1,67,22,7,6,7,51,0,0,0,0,0,0,0,0,0,0,0,0,0,0,0
14814,Buck Farmer,CIN,61,3,2,0,0,0,1,1,1,71,56,24,7,29,7,70,0,0,0,0,0,0,0,0,0,0,0,0,0,0,0
14332,Joel Payamps,MIL,68,3,7,0,0,0,6,21,3,59,39,20,7,18,2,59,0,0,0,0,0,0,0,0,0,0,0,0,0,0,0
17998,Pete Fairbanks,TBR,46,3,3,0,0,0,23,1,4,45.1,36,18,4,17,0,44,0,0,0,0,0,0,0,0,0,0,0,0,0,0,0
31461,Ben Joyce,LAA,31,2,0,0,0,0,4,8,0,34.2,26,8,1,14,4,33,0,0,0,0,0,0,0,0,0,0,0,0,0,0,0
17128,Ramon Laureano,- - -,98,0,0,0,0,0,0,0,0,0,0,0,0,0,0,0,286,74,46,16,1,11,35,33,15,96,7,1,0,8,3
19274,Jacob Webb,BAL,60,2,5,0,0,0,2,14,1,56.2,40,19,4,27,1,58,0,0,0,0,0,0,0,0,0,0,0,0,0,0,0
3137,Max Scherzer,TEX,9,2,4,3,0,0,0,0,0,43.1,40,19,7,10,1,40,0,0,0,0,0,0,0,0,0,0,0,0,0,0,0
27688,Jack Kochanowicz,LAA,11,2,6,8,0,0,0,0,0,65.1,68,29,7,10,8,25,0,0,0,0,0,0,0,0,0,0,0,0,0,0,0
17780,Jose Alvarado,PHI,66,2,5,0,0,0,13,10,3,61.2,49,28,6,28,1,63,0,0,0,0,0,0,0,0,0,0,0,0,0,0,0
2036,Clayton Kershaw,LAD,7,2,2,1,0,0,0,0,0,30,36,15,2,9,2,24,0,0,0,0,0,0,0,0,0,0,0,0,0,0,0
21844,Braxton Garrett,MIA,7,2,2,2,1,1,0,0,0,37,40,22,5,4,5,34,0,0,0,0,0,0,0,0,0,0,0,0,0,0,0
23550,Aaron Ashby,MIL,14,1,2,0,0,0,0,3,0,28.1,20,9,2,10,0,33,0,0,0,0,0,0,0,0,0,0,0,0,0,0,0
24017,Jose A. Ferrer,WSN,31,1,0,0,0,0,1,6,1,32,27,12,1,6,2,25,0,0,0,0,0,0,0,0,0,0,0,0,0,0,0
15653,Dominic Smith,- - -,93,0,0,0,0,0,0,0,0,0,0,0,0,0,0,0,275,64,36,22,0,6,33,34,28,76,4,0,0,1,1
21448,Davis Martin,CHW,11,0,5,2,0,0,0,0,0,50,50,24,5,23,5,47,0,0,0,0,0,0,0,0,0,0,0,0,0,0,0
19312,Cal Quantrill,COL,29,8,11,12,0,0,0,0,0,148.1,156,82,23,69,11,110,0,0,0,0,0,0,0,0,0,0,0,0,0,0,0
13435,Pierce Johnson,ATL,58,6,6,0,0,0,2,12,4,56.1,48,23,6,25,2,67,0,0,0,0,0,0,0,0,0,0,0,0,0,0,0
19890,Emmanuel Rivera,- - -,124,0,0,0,0,0,0,0,0,0,0,0,0,0,0,0,265,63,47,9,2,5,24,29,26,69,5,5,1,2,0
18363,Victor Robles,SEA,91,0,0,0,0,0,0,0,0,0,0,0,0,0,0,0,254,78,54,20,0,4,44,28,21,53,11,3,6,34,2
21520,Hogan Harris,OAK,21,4,4,3,0,0,0,0,0,72.1,65,23,7,33,3,61,0,0,0,0,0,0,0,0,0,0,0,0,0,0,0
20375,Greg Weissert,BOS,62,4,2,0,0,0,1,4,3,63.1,65,22,7,20,0,58,0,0,0,0,0,0,0,0,0,0,0,0,0,0,0
11038,Kevin Kiermaier,LAD,116,0,0,0,0,0,0,0,0,0,0,0,0,0,0,0,259,51,34,9,3,5,31,26,12,86,2,1,7,6,2
19618,Jordan Hicks,SFG,29,4,7,3,0,0,1,2,0,109.2,112,50,12,47,9,96,0,0,0,0,0,0,0,0,0,0,0,0,0,0,0
14771,Emilio Pagan,CIN,38,4,5,0,0,0,1,7,1,38,40,19,6,11,0,44,0,0,0,0,0,0,0,0,0,0,0,0,0,0,0
23307,Collin Snider,SEA,42,3,4,0,0,0,0,9,2,41.2,36,9,5,13,0,47,0,0,0,0,0,0,0,0,0,0,0,0,0,0,0
20271,Daysbel Hernandez,ATL,16,3,0,0,0,0,0,1,1,18,10,5,0,10,1,26,0,0,0,0,0,0,0,0,0,0,0,0,0,0,0
14706,Anthony Banda,LAD,48,3,2,0,0,0,2,8,2,49.2,44,17,5,18,2,50,0,0,0,0,0,0,0,0,0,0,0,0,0,0,0
14874,Sam Moll,CIN,48,3,2,0,0,0,0,11,0,37.2,27,14,3,14,2,38,0,0,0,0,0,0,0,0,0,0,0,0,0,0,0
27487,Landon Knack,LAD,15,3,5,2,0,0,1,0,0,69,58,28,14,18,3,69,0,0,0,0,0,0,0,0,0,0,0,0,0,0,0
23974,Randy Rodriguez,SFG,35,3,2,0,0,0,0,5,1,52.1,47,25,4,18,3,53,0,0,0,0,0,0,0,0,0,0,0,0,0,0,0
19293,Nick Senzel,- - -,74,0,0,0,0,0,0,0,0,0,0,0,0,0,0,0,236,46,28,11,0,7,25,18,28,61,1,0,1,1,3
30055,Cade Povich,BAL,16,3,9,3,0,0,0,0,0,79.2,80,46,12,34,3,69,0,0,0,0,0,0,0,0,0,0,0,0,0,0,0
16269,John Means,BAL,4,2,0,2,0,0,0,0,0,20.2,16,6,2,2,1,16,0,0,0,0,0,0,0,0,0,0,0,0,0,0,0
1247,Adam Ottavino,NYM,60,2,2,0,0,0,1,15,2,56,49,27,6,23,7,70,0,0,0,0,0,0,0,0,0,0,0,0,0,0,0
22304,Brenan Hanifee,DET,21,1,1,0,0,0,0,7,1,29.1,27,6,2,6,0,23,0,0,0,0,0,0,0,0,0,0,0,0,0,0,0
13293,Danny Coulombe,BAL,33,1,0,0,0,0,1,13,1,29.2,15,7,3,5,0,32,0,0,0,0,0,0,0,0,0,0,0,0,0,0,0
30076,Landen Roupp,SFG,23,1,2,0,0,0,0,1,0,50.1,43,20,2,26,1,47,0,0,0,0,0,0,0,0,0,0,0,0,0,0,0
27582,Davis Daniel,LAA,6,1,4,1,0,0,0,0,0,30.1,39,21,5,6,1,28,0,0,0,0,0,0,0,0,0,0,0,0,0,0,0
30160,Richard Fitts,BOS,4,0,1,0,0,0,0,0,0,20.2,19,4,0,7,0,9,0,0,0,0,0,0,0,0,0,0,0,0,0,0,0
20126,Dylan Carlson,TBR,96,0,0,0,0,0,0,0,0,0,0,0,0,0,0,0,235,49,39,7,0,3,19,25,22,75,5,3,0,2,1
29630,Joey Loperfido,TOR,81,0,0,0,0,0,0,0,0,0,0,0,0,0,0,0,243,52,31,13,4,4,24,25,13,95,4,1,1,4,2
4940,Jason Heyward,LAD,87,0,0,0,0,0,0,0,0,0,0,0,0,0,0,0,228,48,24,12,2,10,33,37,22,53,4,3,0,5,0
19363,Austin Hays,PHI,85,0,0,0,0,0,0,0,0,0,0,0,0,0,0,0,235,60,37,18,0,5,26,20,9,59,8,2,1,2,2
26252,Erik Miller,SFG,73,4,5,0,0,0,0,14,3,67.1,50,29,7,38,1,87,0,0,0,0,0,0,0,0,0,0,0,0,0,0,0
23221,Michael Grove,LAD,39,4,4,0,0,0,0,7,0,51,46,29,6,16,6,54,0,0,0,0,0,0,0,0,0,0,0,0,0,0,0
12049,Kyle Hendricks,CHC,29,4,12,5,0,0,0,0,0,130.2,147,86,21,43,3,87,0,0,0,0,0,0,0,0,0,0,0,0,0,0,0
20045,Sean Guenther,DET,17,3,0,0,0,0,0,2,1,21,9,2,0,2,2,12,0,0,0,0,0,0,0,0,0,0,0,0,0,0,0
14387,Harold Ramirez,- - -,73,0,0,0,0,0,0,0,0,0,0,0,0,0,0,0,238,62,52,7,1,2,28,29,5,50,2,1,0,6,2
22294,Matthew Liberatore,STL,60,3,4,1,0,0,0,7,2,86,81,42,11,28,2,76,0,0,0,0,0,0,0,0,0,0,0,0,0,0,0
29878,Sean Burke,CHW,4,2,0,1,0,0,0,0,0,19,12,3,2,7,0,22,0,0,0,0,0,0,0,0,0,0,0,0,0,0,0
17677,Jeffrey Springs,TBR,7,2,2,1,0,0,0,0,0,33,34,12,5,11,1,37,0,0,0,0,0,0,0,0,0,0,0,0,0,0,0
18323,Josh Sborz,TEX,17,2,2,0,0,0,0,8,0,16.1,16,7,1,4,0,17,0,0,0,0,0,0,0,0,0,0,0,0,0,0,0
23335,Joey Cantillo,CLE,9,2,4,1,0,0,0,0,0,38.2,35,21,6,15,0,44,0,0,0,0,0,0,0,0,0,0,0,0,0,0,0
21649,Luis Medina,OAK,8,2,4,1,0,0,0,0,0,40,43,23,4,20,1,32,0,0,0,0,0,0,0,0,0,0,0,0,0,0,0
5254,Robbie Grossman,- - -,87,0,0,0,0,0,0,0,0,0,0,0,0,0,0,0,208,44,33,8,0,3,21,16,34,58,1,2,0,3,0
29514,River Ryan,LAD,4,1,0,0,0,0,0,0,0,20.1,15,3,1,9,0,18,0,0,0,0,0,0,0,0,0,0,0,0,0,0,0
17034,Sean Reid-Foley,NYM,23,1,2,0,0,0,0,4,1,21.2,13,4,0,14,0,25,0,0,0,0,0,0,0,0,0,0,0,0,0,0,0
20191,Garrett Whitlock,BOS,4,1,0,0,0,0,0,0,0,18.1,14,4,1,7,1,17,0,0,0,0,0,0,0,0,0,0,0,0,0,0,0
25890,Bryan King,HOU,28,1,0,0,0,0,0,0,0,26.1,20,7,1,10,3,32,0,0,0,0,0,0,0,0,0,0,0,0,0,0,0
20178,Miguel Vargas,CHW,72,0,0,0,0,0,0,0,0,0,0,0,0,0,0,0,206,31,19,7,0,5,22,16,25,57,3,3,0,3,1
5615,Ryan Brasier,LAD,29,1,0,0,0,0,0,6,2,28,22,11,3,5,0,25,0,0,0,0,0,0,0,0,0,0,0,0,0,0,0
27889,J.T. Ginn,OAK,8,1,1,1,0,0,0,0,0,34,36,16,4,9,2,29,0,0,0,0,0,0,0,0,0,0,0,0,0,0,0
24978,Erik Sabrowski,CLE,8,0,0,0,0,0,1,0,0,12.2,6,0,0,4,0,19,0,0,0,0,0,0,0,0,0,0,0,0,0,0,0
10954,Jacob deGrom,TEX,3,0,0,0,0,0,0,0,0,10.2,11,2,1,1,1,14,0,0,0,0,0,0,0,0,0,0,0,0,0,0,0
25420,Ryan Zeferjahn,LAA,12,0,0,0,0,0,0,0,0,17,7,4,0,6,2,18,0,0,0,0,0,0,0,0,0,0,0,0,0,0,0
17536,Ryan Burr,TOR,34,0,2,0,0,0,0,3,1,32.2,29,15,4,12,1,47,0,0,0,0,0,0,0,0,0,0,0,0,0,0,0
30107,Christian Scott,NYM,9,0,3,3,0,0,0,0,0,47.1,45,24,8,12,2,39,0,0,0,0,0,0,0,0,0,0,0,0,0,0,0
18383,Mike Soroka,CHW,25,0,10,0,0,0,0,2,1,79.2,66,42,13,44,3,84,0,0,0,0,0,0,0,0,0,0,0,0,0,0,0
12147,Nick Ahmed,- - -,71,0,0,0,0,0,0,0,0,0,0,0,0,0,0,0,210,48,39,6,1,2,20,17,11,51,1,3,3,2,1
12828,Andrew Kittredge,STL,74,5,5,0,0,0,1,37,7,70.2,60,22,10,20,0,67,0,0,0,0,0,0,0,0,0,0,0,0,0,0,0
24614,Victor Vodnik,COL,64,5,4,0,0,0,9,6,6,73.2,72,35,7,37,1,65,0,0,0,0,0,0,0,0,0,0,0,0,0,0,0
19252,Cavan Biggio,- - -,78,0,0,0,0,0,0,0,0,0,0,0,0,0,0,0,188,37,27,5,0,5,27,19,24,72,8,0,2,2,0
19459,Jorge Alcala,MIN,54,4,3,0,0,0,0,15,1,58.1,40,21,8,20,3,58,0,0,0,0,0,0,0,0,0,0,0,0,0,0,0
33826,Yuki Matsui,SDP,64,4,2,0,0,0,0,9,4,62.2,46,26,8,27,0,69,0,0,0,0,0,0,0,0,0,0,0,0,0,0,0
16153,Austin Slater,- - -,84,0,0,0,0,0,0,0,0,0,0,0,0,0,0,0,177,37,31,4,0,2,24,18,26,60,5,4,0,3,2
20203,Eli Morgan,CLE,32,3,0,0,0,0,0,1,0,42,30,9,4,11,1,34,0,0,0,0,0,0,0,0,0,0,0,0,0,0,0
22051,John King,STL,56,3,3,0,0,0,0,9,2,60,58,19,5,14,1,38,0,0,0,0,0,0,0,0,0,0,0,0,0,0,0
7836,Hunter Strickland,LAA,72,3,2,0,0,0,1,12,3,73.1,56,27,10,24,2,57,0,0,0,0,0,0,0,0,0,0,0,0,0,0,0
17606,Cristian Javier,HOU,7,3,1,3,0,0,0,0,0,34.2,30,15,4,19,0,27,0,0,0,0,0,0,0,0,0,0,0,0,0,0,0
21481,Sean Hjelle,SFG,58,3,4,0,0,0,0,7,0,80.2,84,35,10,14,5,75,0,0,0,0,0,0,0,0,0,0,0,0,0,0,0
13164,Eduardo Rodriguez,ARI,10,3,4,1,0,0,0,0,0,50,56,28,8,19,1,47,0,0,0,0,0,0,0,0,0,0,0,0,0,0,0
21487,Stephen Kolek,SDP,42,3,0,0,0,0,0,2,1,46.2,59,27,4,12,3,39,0,0,0,0,0,0,0,0,0,0,0,0,0,0,0
29608,Joe Boyle,OAK,13,3,6,1,0,0,0,1,0,47.2,42,34,4,40,4,56,0,0,0,0,0,0,0,0,0,0,0,0,0,0,0
30085,Ben Casparius,LAD,3,2,0,0,0,0,0,0,0,8.1,9,2,0,4,0,12,0,0,0,0,0,0,0,0,0,0,0,0,0,0,0
6562,Alex Cobb,CLE,3,2,1,1,0,0,0,0,0,16.1,14,5,1,3,0,10,0,0,0,0,0,0,0,0,0,0,0,0,0,0,0
16061,Cam Booser,BOS,43,2,3,0,0,0,1,5,2,42.2,41,16,5,16,0,43,0,0,0,0,0,0,0,0,0,0,0,0,0,0,0
3237,T.J. McFarland,OAK,79,2,4,0,0,0,0,19,2,56.2,53,24,4,17,4,39,0,0,0,0,0,0,0,0,0,0,0,0,0,0,0
21132,Alexis Diaz,CIN,60,2,5,0,0,0,28,0,4,56.1,42,25,6,31,6,55,0,0,0,0,0,0,0,0,0,0,0,0,0,0,0
20997,Eduard Bazardo,SEA,23,2,0,0,0,0,0,0,0,27.2,20,15,2,9,0,33,0,0,0,0,0,0,0,0,0,0,0,0,0,0,0
10061,Brooks Raley,NYM,8,1,0,0,0,0,0,4,0,7,2,0,0,3,0,9,0,0,0,0,0,0,0,0,0,0,0,0,0,0,0
26151,Kyle Stowers,MIA,69,0,0,0,0,0,0,0,0,0,0,0,0,0,0,0,192,40,24,11,2,3,15,24,13,74,3,1,0,0,1
25582,Brady Basso,OAK,7,1,1,1,0,0,0,0,0,22.1,23,10,3,5,0,19,0,0,0,0,0,0,0,0,0,0,0,0,0,0,0
24763,Kyle Leahy,STL,33,1,1,0,0,0,1,3,0,48.2,40,22,4,10,1,33,0,0,0,0,0,0,0,0,0,0,0,0,0,0,0
25386,Jhony Brito,SDP,26,1,2,0,0,0,0,0,3,43.2,49,20,4,10,0,29,0,0,0,0,0,0,0,0,0,0,0,0,0,0,0
24977,Shawn Dubin,HOU,31,1,1,0,0,0,2,0,0,45.1,45,21,3,26,2,49,0,0,0,0,0,0,0,0,0,0,0,0,0,0,0
13892,Paul Sewald,ARI,42,1,2,0,0,0,16,1,4,39.2,35,19,6,10,3,43,0,0,0,0,0,0,0,0,0,0,0,0,0,0,0
29592,Connor Norby,MIA,45,0,0,0,0,0,0,0,0,0,0,0,0,0,0,0,178,42,24,9,0,9,32,20,15,64,0,1,0,3,3
31184,Luis Guerrero,BOS,9,0,0,0,0,0,0,3,0,10,6,0,0,2,0,9,0,0,0,0,0,0,0,0,0,0,0,0,0,0,0
24203,Luis Peralta,COL,15,0,0,0,0,0,0,2,0,12.1,7,1,0,5,2,14,0,0,0,0,0,0,0,0,0,0,0,0,0,0,0
29770,Mason Montgomery,TBR,9,0,0,0,0,0,0,3,0,9.2,6,2,0,5,0,17,0,0,0,0,0,0,0,0,0,0,0,0,0,0,0
16451,Luis Guillorme,- - -,79,0,0,0,0,0,0,0,0,0,0,0,0,0,0,0,161,33,23,9,1,0,14,10,23,36,0,2,1,4,2
18548,Sam Hentges,CLE,25,0,0,0,0,0,0,9,0,23.2,18,8,3,5,0,27,0,0,0,0,0,0,0,0,0,0,0,0,0,0,0
18311,Carson Fulmer,LAA,37,0,5,2,0,0,0,0,1,86.2,81,40,11,40,5,81,0,0,0,0,0,0,0,0,0,0,0,0,0,0,0
14975,Chad Kuhl,CHW,31,0,2,0,0,0,1,1,2,53.1,56,30,5,25,6,54,0,0,0,0,0,0,0,0,0,0,0,0,0,0,0
12997,Colten Brewer,CHC,16,0,0,0,0,0,1,1,1,20.2,24,13,1,9,1,22,0,0,0,0,0,0,0,0,0,0,0,0,0,0,0
13652,Tayler Scott,HOU,62,7,3,0,0,0,0,9,3,68.2,45,17,7,35,4,71,0,0,0,0,0,0,0,0,0,0,0,0,0,0,0
17897,Garrett Cleavinger,TBR,68,7,5,0,0,0,6,15,2,60,52,25,6,31,7,71,0,0,0,0,0,0,0,0,0,0,0,0,0,0,0
7146,Daniel Hudson,LAD,65,6,2,0,0,0,10,17,7,63,46,21,10,19,1,63,0,0,0,0,0,0,0,0,0,0,0,0,0,0,0
19948,Cristian Pache,- - -,88,0,0,0,0,0,0,0,0,0,0,0,0,0,0,0,165,33,23,8,1,1,13,16,17,64,0,1,0,1,0
19867,Griffin Canning,LAA,32,6,13,7,0,0,0,0,0,171.2,174,99,31,66,6,130,0,0,0,0,0,0,0,0,0,0,0,0,0,0,0
22192,Hans Crouse,LAA,25,4,3,0,0,0,0,1,1,25.1,14,8,2,17,2,34,0,0,0,0,0,0,0,0,0,0,0,0,0,0,0
16835,Brennan Bernardino,BOS,57,4,3,0,0,0,0,14,2,51,50,23,6,22,6,56,0,0,0,0,0,0,0,0,0,0,0,0,0,0,0
22387,Josh Winckowski,BOS,40,4,2,0,0,0,2,4,1,76,81,35,10,26,4,60,0,0,0,0,0,0,0,0,0,0,0,0,0,0,0
18439,Danny Young,NYM,42,4,1,0,0,0,0,7,0,37.2,29,19,3,18,7,48,0,0,0,0,0,0,0,0,0,0,0,0,0,0,0
20794,Manuel Rodriguez,TBR,40,3,4,0,0,0,2,10,1,37.2,29,9,3,11,5,34,0,0,0,0,0,0,0,0,0,0,0,0,0,0,0
18769,Cody Poteet,NYY,5,3,0,1,0,0,0,0,0,24.1,18,6,2,8,1,16,0,0,0,0,0,0,0,0,0,0,0,0,0,0,0
19531,Jason Foley,DET,69,3,6,0,0,0,28,8,4,60,51,21,5,20,2,46,0,0,0,0,0,0,0,0,0,0,0,0,0,0,0
22361,Colin Holderman,PIT,55,3,6,0,0,0,0,21,5,51.1,42,18,6,25,5,56,0,0,0,0,0,0,0,0,0,0,0,0,0,0,0
25379,Sam Long,KCR,43,3,3,0,0,0,1,7,1,42.2,34,15,5,17,1,44,0,0,0,0,0,0,0,0,0,0,0,0,0,0,0
27581,Hayden Wesneski,CHC,28,3,6,3,0,0,0,2,1,67.2,56,29,12,21,2,67,0,0,0,0,0,0,0,0,0,0,0,0,0,0,0
16947,Derek Hill,- - -,53,0,0,0,0,0,0,0,0,0,0,0,0,0,0,0,162,39,26,4,2,7,19,25,5,56,2,1,2,6,2
33294,Seth Halvorsen,COL,12,2,1,0,0,0,2,2,1,12.1,8,2,2,2,1,13,0,0,0,0,0,0,0,0,0,0,0,0,0,0,0
23691,Jose Tena,- - -,44,0,0,0,0,0,0,0,0,0,0,0,0,0,0,0,161,43,35,5,0,3,14,15,7,41,0,0,0,6,1
17888,Tayler Saucedo,SEA,53,2,0,0,0,0,3,7,2,38.2,35,15,3,18,2,38,0,0,0,0,0,0,0,0,0,0,0,0,0,0,0
22717,Angel Zerpa,KCR,60,2,0,0,0,0,0,12,1,53.2,59,23,6,19,2,49,0,0,0,0,0,0,0,0,0,0,0,0,0,0,0
27472,Jared Shuster,CHW,39,2,5,0,0,0,0,3,2,73.1,74,35,9,33,0,56,0,0,0,0,0,0,0,0,0,0,0,0,0,0,0
16219,J.D. Davis,- - -,46,0,0,0,0,0,0,0,0,0,0,0,0,0,0,0,142,31,22,5,0,4,13,6,12,39,3,0,0,0,0
10078,Caleb Thielbar,MIN,59,2,4,0,0,0,3,9,0,47.1,50,28,6,24,0,53,0,0,0,0,0,0,0,0,0,0,0,0,0,0,0
17969,Peter Lambert,COL,28,2,5,0,0,0,0,0,0,61.1,73,39,7,29,2,50,0,0,0,0,0,0,0,0,0,0,0,0,0,0,0
27779,Bryce Elder,ATL,10,2,5,3,0,0,0,0,0,49.2,64,36,8,17,2,46,0,0,0,0,0,0,0,0,0,0,0,0,0,0,0
27500,Slade Cecconi,ARI,20,2,7,3,0,0,0,0,0,77,92,57,16,17,4,64,0,0,0,0,0,0,0,0,0,0,0,0,0,0,0
15094,Rob Zastryzny,MIL,9,1,0,0,0,0,0,0,0,7.2,4,1,0,1,1,5,0,0,0,0,0,0,0,0,0,0,0,0,0,0,0
13449,Taylor Rogers,SFG,64,1,4,0,0,0,0,5,0,60,53,16,7,22,2,64,0,0,0,0,0,0,0,0,0,0,0,0,0,0,0
17755,Drew Smith,NYM,19,1,1,0,0,0,2,6,0,17.2,18,6,2,9,0,23,0,0,0,0,0,0,0,0,0,0,0,0,0,0,0
13942,Brent Suter,CIN,47,1,0,0,0,0,2,2,0,65.2,63,23,10,12,3,50,0,0,0,0,0,0,0,0,0,0,0,0,0,0,0
10028,Christian Bethancourt,- - -,62,0,0,0,0,0,0,0,0,0,0,0,0,0,0,0,139,29,17,7,0,5,18,22,5,36,1,0,2,3,0
15068,Yency Almonte,CHC,17,1,0,0,0,0,1,6,1,15.2,9,6,1,8,2,20,0,0,0,0,0,0,0,0,0,0,0,0,0,0,0
18335,Josh Staumont,MIN,25,1,0,0,0,0,0,1,0,24.1,17,10,0,14,1,18,0,0,0,0,0,0,0,0,0,0,0,0,0,0,0
30140,Ty Madden,DET,6,1,1,0,0,0,0,0,0,23,25,11,2,8,1,17,0,0,0,0,0,0,0,0,0,0,0,0,0,0,0
16201,Justin Anderson,CHW,56,1,2,0,0,0,1,5,5,53.1,48,26,5,32,3,57,0,0,0,0,0,0,0,0,0,0,0,0,0,0,0
15467,Marco Gonzales,PIT,7,1,1,2,0,0,0,0,0,33.2,43,17,5,11,0,23,0,0,0,0,0,0,0,0,0,0,0,0,0,0,0
22207,DL Hall,MIL,13,1,2,1,0,0,0,1,0,43,48,24,6,21,4,44,0,0,0,0,0,0,0,0,0,0,0,0,0,0,0
4301,Justin Wilson,CIN,60,1,5,0,0,0,2,10,2,46.2,55,29,10,13,2,51,0,0,0,0,0,0,0,0,0,0,0,0,0,0,0
26034,Anthony Maldonado,MIA,16,1,1,0,0,0,1,0,1,19,21,12,1,7,0,11,0,0,0,0,0,0,0,0,0,0,0,0,0,0,0
26952,Anthony Molina,COL,35,1,1,0,0,0,0,2,2,59.2,72,45,5,22,2,41,0,0,0,0,0,0,0,0,0,0,0,0,0,0,0
29960,AJ Smith-Shawver,ATL,1,0,0,0,0,0,0,0,0,4.1,3,0,0,2,0,4,0,0,0,0,0,0,0,0,0,0,0,0,0,0,0
22253,Sean Reynolds,SDP,9,0,0,0,0,0,0,0,0,11,10,1,0,5,1,21,0,0,0,0,0,0,0,0,0,0,0,0,0,0,0
29628,Alek Jacob,SDP,7,0,0,0,0,0,0,0,0,14.2,9,4,1,2,2,19,0,0,0,0,0,0,0,0,0,0,0,0,0,0,0
26944,Edgardo Henriquez,LAD,3,0,0,0,0,0,1,0,0,3.1,2,1,0,2,0,5,0,0,0,0,0,0,0,0,0,0,0,0,0,0,0
13755,Tomas Nido,- - -,49,0,0,0,0,0,0,0,0,0,0,0,0,0,0,0,130,25,17,4,0,4,14,12,5,35,0,2,3,0,0
24606,Josh Winder,MIN,4,0,0,0,0,0,0,0,0,9,7,3,0,1,2,10,0,0,0,0,0,0,0,0,0,0,0,0,0,0,0
22713,Carlos Hernandez,KCR,27,0,1,0,0,0,0,1,1,30,24,11,1,16,1,27,0,0,0,0,0,0,0,0,0,0,0,0,0,0,0
31843,Kumar Rocker,TEX,3,0,2,0,0,0,0,0,0,11.2,12,5,1,6,1,14,0,0,0,0,0,0,0,0,0,0,0,0,0,0,0
20369,Matt Manning,DET,5,0,1,0,0,0,0,0,0,27.2,31,15,3,12,0,23,0,0,0,0,0,0,0,0,0,0,0,0,0,0,0
21894,Gregory Santos,SEA,8,0,1,0,0,0,0,2,1,7.1,7,4,0,1,1,6,0,0,0,0,0,0,0,0,0,0,0,0,0,0,0
16358,Tyler Mahle,TEX,3,0,1,0,0,0,0,0,0,12.2,14,7,1,4,1,10,0,0,0,0,0,0,0,0,0,0,0,0,0,0,0
17170,Gabe Speier,SEA,29,0,2,0,0,0,0,7,1,23.2,19,15,2,14,2,33,0,0,0,0,0,0,0,0,0,0,0,0,0,0,0
20000,Tyler Wells,BAL,3,0,2,1,0,0,0,0,0,15.1,18,10,3,3,0,13,0,0,0,0,0,0,0,0,0,0,0,0,0,0,0
21652,Elvis Peguero,MIL,52,7,4,0,0,0,2,11,4,51.1,52,17,4,27,2,47,0,0,0,0,0,0,0,0,0,0,0,0,0,0,0
6655,Craig Kimbrel,BAL,57,7,5,0,0,0,23,4,6,52.1,40,31,7,31,5,73,0,0,0,0,0,0,0,0,0,0,0,0,0,0,0
14552,Jose Ruiz,PHI,52,5,1,0,0,0,1,0,0,51,51,21,8,17,1,52,0,0,0,0,0,0,0,0,0,0,0,0,0,0,0
11589,Jose Urena,TEX,33,5,8,0,0,0,1,1,0,109,105,46,13,39,4,70,0,0,0,0,0,0,0,0,0,0,0,0,0,0,0
31635,Hayden Birdsong,SFG,16,5,6,1,0,0,0,0,0,72,57,38,11,43,4,88,0,0,0,0,0,0,0,0,0,0,0,0,0,0,0
21992,Camilo Doval,SFG,62,5,3,0,0,0,23,5,5,59,54,32,5,39,2,78,0,0,0,0,0,0,0,0,0,0,0,0,0,0,0
21527,James McArthur,KCR,57,5,7,0,0,0,18,2,7,56.2,68,31,8,14,3,49,0,0,0,0,0,0,0,0,0,0,0,0,0,0,0
27685,Carson Spiers,CIN,22,5,7,2,0,0,0,0,0,90.2,112,55,20,27,5,80,0,0,0,0,0,0,0,0,0,0,0,0,0,0,0
12791,Michael Kelly,OAK,28,3,2,0,0,0,0,4,0,31.1,27,9,2,10,3,22,0,0,0,0,0,0,0,0,0,0,0,0,0,0,0
28036,Luke Little,CHC,30,3,1,0,0,0,0,3,0,26,15,10,1,18,4,28,0,0,0,0,0,0,0,0,0,0,0,0,0,0,0
15279,Garrett Cooper,- - -,36,0,0,0,0,0,0,0,0,0,0,0,0,0,0,0,107,22,15,5,1,1,6,11,7,35,2,0,0,0,0
12160,Ben Gamel,- - -,38,0,0,0,0,0,0,0,0,0,0,0,0,0,0,0,81,20,15,4,0,1,22,4,18,24,0,0,0,1,0
6632,Carlos Carrasco,CLE,21,3,10,4,0,0,0,0,0,103.2,112,65,19,33,5,89,0,0,0,0,0,0,0,0,0,0,0,0,0,0,0
27942,John McMillon,MIA,10,2,1,0,0,0,0,2,0,12,7,2,1,5,0,13,0,0,0,0,0,0,0,0,0,0,0,0,0,0,0
21620,Jake Cousins,NYY,37,2,1,0,0,0,1,8,0,38,20,10,5,20,5,53,0,0,0,0,0,0,0,0,0,0,0,0,0,0,0
19795,Keegan Thompson,CHC,24,2,1,0,0,0,2,2,0,30.1,19,9,3,18,0,36,0,0,0,0,0,0,0,0,0,0,0,0,0,0,0
19200,Jose Quijada,LAA,22,2,2,0,0,0,0,7,2,19.1,12,7,1,17,2,24,0,0,0,0,0,0,0,0,0,0,0,0,0,0,0
29530,Fraser Ellard,CHW,25,2,3,0,0,0,1,2,1,24,18,10,3,12,1,26,0,0,0,0,0,0,0,0,0,0,0,0,0,0,0
27775,Kyle Nicolas,PIT,51,2,2,0,0,0,0,7,0,54.2,51,24,4,31,4,55,0,0,0,0,0,0,0,0,0,0,0,0,0,0,0
19562,Zack Short,- - -,42,0,0,0,0,0,0,0,0,0,0,0,0,0,0,0,70,9,6,3,0,0,11,5,14,24,1,0,3,2,1
23296,Jacob Amaya,- - -,24,0,0,0,0,0,0,0,0,0,0,0,0,0,0,0,68,12,11,1,0,0,4,3,4,28,0,0,0,1,0
18694,Kolby Allard,PHI,7,2,0,0,0,0,0,0,0,27,34,15,5,8,0,23,0,0,0,0,0,0,0,0,0,0,0,0,0,0,0
19753,Jonathan Loaisiga,NYY,3,1,0,0,0,0,0,0,1,4,7,0,0,1,0,3,0,0,0,0,0,0,0,0,0,0,0,0,0,0,0
33834,Andrew Walters,CLE,9,1,0,0,0,0,0,0,0,8.2,1,0,0,5,0,6,0,0,0,0,0,0,0,0,0,0,0,0,0,0,0
16427,Scott Blewett,MIN,12,1,1,0,0,0,0,0,0,20.1,17,4,2,8,1,18,0,0,0,0,0,0,0,0,0,0,0,0,0,0,0
10591,Scott Alexander,OAK,45,1,3,0,0,0,0,10,3,38.2,31,11,3,15,2,31,0,0,0,0,0,0,0,0,0,0,0,0,0,0,0
17732,Nabil Crismatt,LAD,5,1,1,0,0,0,0,0,0,7,7,2,1,0,0,6,0,0,0,0,0,0,0,0,0,0,0,0,0,0,0
26599,Jonatan Clase,- - -,26,0,0,0,0,0,0,0,0,0,0,0,0,0,0,0,61,15,12,2,0,1,7,5,3,17,2,0,0,3,1
16357,Pablo Reyes,- - -,22,0,0,0,0,0,0,0,0,0,0,0,0,0,0,0,60,11,9,2,0,0,5,5,3,19,1,0,0,1,2
24094,Ronny Henriquez,MIN,16,1,1,0,0,0,0,2,1,19.1,20,7,2,5,2,15,0,0,0,0,0,0,0,0,0,0,0,0,0,0,0
22932,Prelander Berroa,CHW,17,1,0,0,0,0,0,3,0,19,15,7,2,13,1,26,0,0,0,0,0,0,0,0,0,0,0,0,0,0,0
31838,Kodai Senga,NYM,1,1,0,0,0,0,0,0,0,5.1,2,2,1,1,1,9,0,0,0,0,0,0,0,0,0,0,0,0,0,0,0
24930,Ethan Roberts,CHC,21,1,1,0,0,0,0,1,0,26.2,31,11,3,10,1,26,0,0,0,0,0,0,0,0,0,0,0,0,0,0,0
29271,Yilber Diaz,ARI,7,1,1,2,0,0,0,0,0,28.1,27,12,3,12,0,19,0,0,0,0,0,0,0,0,0,0,0,0,0,0,0
30002,Grant Holman,OAK,18,1,1,0,0,0,0,5,1,15.2,17,7,1,9,1,16,0,0,0,0,0,0,0,0,0,0,0,0,0,0,0
31261,Chris Roycroft,STL,27,1,2,0,0,0,0,1,1,34.1,31,16,2,17,4,33,0,0,0,0,0,0,0,0,0,0,0,0,0,0,0
16496,Forrest Wall,- - -,16,0,0,0,0,0,0,0,0,0,0,0,0,0,0,0,32,8,8,0,0,0,4,1,3,8,0,0,0,4,3
19804,Bryan Baker,BAL,19,1,1,0,0,0,0,3,0,23.1,20,13,3,7,0,23,0,0,0,0,0,0,0,0,0,0,0,0,0,0,0
13361,Steven Matz,STL,12,1,2,0,0,0,0,0,0,44.1,49,25,7,15,2,33,0,0,0,0,0,0,0,0,0,0,0,0,0,0,0
23809,Ray Kerr,ATL,10,1,2,0,0,0,0,0,0,22.1,29,14,4,7,3,27,0,0,0,0,0,0,0,0,0,0,0,0,0,0,0
19911,Jose Suarez,LAA,22,1,2,0,0,0,1,0,0,52.1,57,35,7,27,4,56,0,0,0,0,0,0,0,0,0,0,0,0,0,0,0
16703,Julian Merryweather,CHC,15,1,1,0,0,0,0,2,1,15,18,11,0,9,3,14,0,0,0,0,0,0,0,0,0,0,0,0,0,0,0
15145,Justin Topa,MIN,3,0,0,0,0,0,0,0,0,2.1,1,0,0,0,0,2,0,0,0,0,0,0,0,0,0,0,0,0,0,0,0
23165,Steven Cruz,KCR,5,0,0,0,0,0,0,0,0,5.2,1,0,0,0,0,4,0,0,0,0,0,0,0,0,0,0,0,0,0,0,0
27514,Kyle Hurt,LAD,3,0,1,0,0,0,0,0,0,6.2,8,1,0,1,0,3,0,0,0,0,0,0,0,0,0,0,0,0,0,0,0
15937,Aledmys Diaz,- - -,14,0,0,0,0,0,0,0,0,0,0,0,0,0,0,0,33,3,3,0,0,0,2,1,1,9,0,0,0,0,0
15369,Kevin Herget,MIL,7,0,0,0,0,0,1,1,0,11.1,6,2,1,3,0,9,0,0,0,0,0,0,0,0,0,0,0,0,0,0,0
21584,Tristan Beck,SFG,7,0,0,0,0,0,0,0,0,16,14,3,2,4,1,14,0,0,0,0,0,0,0,0,0,0,0,0,0,0,0
11384,Tommy Kahnle,NYY,50,0,2,0,0,0,1,16,0,42.2,30,10,5,19,2,46,0,0,0,0,0,0,0,0,0,0,0,0,0,0,0
26171,Connor Gillispie,CLE,3,0,0,0,0,0,0,0,0,8,4,2,0,5,0,8,0,0,0,0,0,0,0,0,0,0,0,0,0,0,0
27694,Justin Sterner,TBR,2,0,0,0,0,0,0,0,0,4,5,1,0,1,0,4,0,0,0,0,0,0,0,0,0,0,0,0,0,0,0
33828,Naoyuki Uwasawa,BOS,2,0,0,0,0,0,0,0,0,4,2,1,0,2,0,3,0,0,0,0,0,0,0,0,0,0,0,0,0,0,0
21367,Peter Strzelecki,CLE,10,0,0,0,0,0,0,1,0,11.2,11,3,1,3,1,9,0,0,0,0,0,0,0,0,0,0,0,0,0,0,0
21761,Jose Marte,LAA,14,0,0,0,0,0,0,2,0,19.1,14,5,1,10,1,14,0,0,0,0,0,0,0,0,0,0,0,0,0,0,0
20367,Brusdar Graterol,LAD,7,0,0,0,0,0,0,0,0,7.1,3,2,0,2,0,7,0,0,0,0,0,0,0,0,0,0,0,0,0,0,0
26215,Jackson Rutledge,WSN,3,0,0,0,0,0,0,0,0,8.1,8,3,1,2,1,9,0,0,0,0,0,0,0,0,0,0,0,0,0,0,0
20167,Kyle Muller,OAK,21,0,1,0,0,0,0,0,0,49.1,48,22,6,10,1,36,0,0,0,0,0,0,0,0,0,0,0,0,0,0,0
19178,Tommy Nance,TOR,20,0,3,0,0,0,0,0,1,22,18,10,2,9,1,19,0,0,0,0,0,0,0,0,0,0,0,0,0,0,0
21544,Chase Shugart,BOS,6,0,0,0,0,0,1,0,0,8.2,8,4,1,3,0,8,0,0,0,0,0,0,0,0,0,0,0,0,0,0,0
19883,Alex Lange,DET,21,0,3,0,0,0,2,1,0,18.2,16,9,0,17,2,21,0,0,0,0,0,0,0,0,0,0,0,0,0,0,0
17556,Jimmy Herget,ATL,8,0,1,0,0,0,0,0,0,12.1,13,6,2,3,0,15,0,0,0,0,0,0,0,0,0,0,0,0,0,0,0
12092,Niko Goodrum,- - -,13,0,0,0,0,0,0,0,0,0,0,0,0,0,0,0,29,3,3,0,0,0,2,0,3,10,0,0,1,1,1
27494,Clayton Beeter,NYY,3,0,0,0,0,0,0,0,0,3.2,4,2,0,1,0,5,0,0,0,0,0,0,0,0,0,0,0,0,0,0,0
27765,Yosver Zulueta,CIN,12,0,0,0,0,0,0,0,0,16.1,15,9,2,7,1,20,0,0,0,0,0,0,0,0,0,0,0,0,0,0,0
20153,Nick Nelson,PHI,4,0,0,0,0,0,0,0,0,5.1,8,3,0,2,1,8,0,0,0,0,0,0,0,0,0,0,0,0,0,0,0
16727,Brock Stewart,MIN,16,0,0,0,0,0,0,7,0,15.2,15,9,2,8,0,20,0,0,0,0,0,0,0,0,0,0,0,0,0,0,0
21183,Humberto Castellanos,ARI,7,0,0,0,0,0,1,0,0,10.1,11,6,0,4,2,7,0,0,0,0,0,0,0,0,0,0,0,0,0,0,0
19877,Tristan Gray,- - -,15,0,0,0,0,0,0,0,0,0,0,0,0,0,0,0,28,3,2,1,0,0,0,0,3,16,0,0,0,0,0
19680,Sixto Sanchez,MIA,14,0,3,0,0,0,0,1,1,35.2,43,24,3,14,3,17,0,0,0,0,0,0,0,0,0,0,0,0,0,0,0
27914,Daniel Palencia,CHC,10,0,1,0,0,0,1,0,0,14.2,14,10,0,12,1,16,0,0,0,0,0,0,0,0,0,0,0,0,0,0,0
27690,Joey Wiemer,- - -,21,0,0,0,0,0,0,0,0,0,0,0,0,0,0,0,26,4,4,0,0,0,2,0,2,9,0,0,0,1,1
12863,Matt Barnes,WSN,14,0,0,0,0,0,0,0,0,13.1,16,10,1,4,0,10,0,0,0,0,0,0,0,0,0,0,0,0,0,0,0
22505,Buddy Kennedy,- - -,14,0,0,0,0,0,0,0,0,0,0,0,0,0,0,0,21,4,2,1,0,1,3,6,4,7,0,1,0,1,0
25839,Luis Contreras,HOU,5,0,0,0,0,0,0,0,0,6,7,6,0,2,0,6,0,0,0,0,0,0,0,0,0,0,0,0,0,0,0
30182,Will Warren,NYY,6,0,3,0,0,0,0,0,0,22.2,33,26,5,10,1,29,0,0,0,0,0,0,0,0,0,0,0,0,0,0,0
22471,Livan Soto,- - -,13,0,0,0,0,0,0,0,0,0,0,0,0,0,0,0,13,3,2,1,0,0,1,0,3,3,0,0,0,0,0
12323,Jacob Barnes,WSN,63,8,3,0,0,0,0,2,3,66,67,32,10,20,0,55,0,0,0,0,0,0,0,0,0,0,0,0,0,0,0
13897,Tyler Heineman,- - -,8,0,0,0,0,0,0,0,0,0,0,0,0,0,0,0,12,1,1,0,0,0,2,0,3,6,1,0,0,0,0
15552,Chad Green,TOR,53,4,6,0,0,0,17,7,3,53.1,41,19,8,14,2,46,0,0,0,0,0,0,0,0,0,0,0,0,0,0,0
15009,Kyle Finnegan,WSN,65,3,8,0,0,0,38,0,5,63.2,61,26,9,24,0,60,0,0,0,0,0,0,0,0,0,0,0,0,0,0,0
14993,Scott Barlow,CLE,63,3,3,0,0,0,2,19,1,55,44,26,6,31,4,68,0,0,0,0,0,0,0,0,0,0,0,0,0,0,0
11486,Robbie Ray,SFG,7,3,2,2,0,0,0,0,0,30.2,20,16,6,15,6,43,0,0,0,0,0,0,0,0,0,0,0,0,0,0,0
18498,Kenta Maeda,DET,29,3,7,2,0,0,0,0,0,112.1,124,76,22,31,5,96,0,0,0,0,0,0,0,0,0,0,0,0,0,0,0
15288,Adam Cimber,LAA,28,3,0,0,0,0,0,8,0,24.1,20,19,1,14,6,19,0,0,0,0,0,0,0,0,0,0,0,0,0,0,0
23499,Keaton Winn,SFG,12,3,8,4,0,0,0,0,0,55.1,56,44,9,20,4,48,0,0,0,0,0,0,0,0,0,0,0,0,0,0,0
21537,Daniel Lynch IV,KCR,16,2,0,0,0,0,1,0,0,43.1,29,16,6,14,4,39,0,0,0,0,0,0,0,0,0,0,0,0,0,0,0
15047,Austin Voth,SEA,68,2,5,0,0,0,0,15,2,61,46,25,9,18,3,61,0,0,0,0,0,0,0,0,0,0,0,0,0,0,0
19928,Ryan McKenna,- - -,13,0,0,0,0,0,0,0,0,0,0,0,0,0,0,0,14,3,1,0,0,2,4,2,1,5,0,0,0,1,1
20132,Adam Oller,MIA,8,2,4,1,0,0,0,0,0,42.1,43,25,7,22,2,36,0,0,0,0,0,0,0,0,0,0,0,0,0,0,0
19206,Dakota Hudson,COL,18,2,12,4,0,0,0,0,0,89,99,61,11,50,5,49,0,0,0,0,0,0,0,0,0,0,0,0,0,0,0
18510,Josh Rogers,COL,6,2,0,0,0,0,0,0,0,11,15,8,1,3,2,3,0,0,0,0,0,0,0,0,0,0,0,0,0,0,0
25327,Abner Uribe,MIL,14,2,2,0,0,0,3,0,2,14.1,15,11,1,12,0,14,0,0,0,0,0,0,0,0,0,0,0,0,0,0,0
19871,Tucker Davidson,BAL,1,1,0,0,0,0,0,0,0,4.2,4,0,0,2,0,1,0,0,0,0,0,0,0,0,0,0,0,0,0,0,0
17480,Daniel Duarte,MIN,2,1,0,0,0,0,0,0,0,4,2,1,1,1,0,3,0,0,0,0,0,0,0,0,0,0,0,0,0,0,0
27608,Jeff Criswell,COL,13,1,0,0,0,0,0,0,0,19.2,20,6,4,9,1,27,0,0,0,0,0,0,0,0,0,0,0,0,0,0,0
19960,Taylor Trammell,- - -,10,0,0,0,0,0,0,0,0,0,0,0,0,0,0,0,7,1,1,0,0,0,2,0,1,3,0,0,0,0,0
21229,Daniel Robert,TEX,4,1,0,0,0,0,0,0,0,5.2,6,2,1,2,2,6,0,0,0,0,0,0,0,0,0,0,0,0,0,0,0
26410,Alek Manoah,TOR,5,1,2,2,0,0,0,0,0,24.1,17,10,5,8,4,26,0,0,0,0,0,0,0,0,0,0,0,0,0,0,0
13801,Austin Adams,OAK,56,1,2,0,0,0,0,22,4,41.1,38,18,4,23,13,53,0,0,0,0,0,0,0,0,0,0,0,0,0,0,0
20418,Josh Fleming,PIT,25,1,1,0,0,0,1,1,0,31.1,34,14,3,14,1,17,0,0,0,0,0,0,0,0,0,0,0,0,0,0,0
9761,Joe Kelly,LAD,35,1,1,0,0,0,0,13,2,32,31,17,4,16,5,35,0,0,0,0,0,0,0,0,0,0,0,0,0,0,0
13758,Tyler Duffey,KCR,9,1,0,0,0,0,0,1,0,9,7,5,0,8,1,10,0,0,0,0,0,0,0,0,0,0,0,0,0,0,0
19891,Ryder Ryan,PIT,15,1,0,0,0,0,0,3,0,20.2,21,13,2,9,3,17,0,0,0,0,0,0,0,0,0,0,0,0,0,0,0
27543,Duke Ellis,- - -,11,0,0,0,0,0,0,0,0,0,0,0,0,0,0,0,5,1,1,0,0,0,1,0,0,2,0,0,0,5,0
17425,Erick Fedde,STL,31,9,9,13,0,0,0,0,0,177.1,154,65,20,52,5,154,0,0,0,0,0,0,0,0,0,0,0,0,0,0,0
25667,Nick Avila,SFG,8,1,0,0,0,0,0,0,0,11.2,17,11,2,3,0,14,0,0,0,0,0,0,0,0,0,0,0,0,0,0,0
20633,Yusei Kikuchi,HOU,32,9,10,12,0,0,0,0,0,175.2,167,79,25,44,2,206,0,0,0,0,0,0,0,0,0,0,0,0,0,0,0
7593,Jordan Lyles,KCR,5,0,0,0,0,0,0,0,0,5,2,0,0,2,0,3,0,0,0,0,0,0,0,0,0,0,0,0,0,0,0
7802,Miguel Rojas,LAD,1,0,0,0,0,0,0,0,0,1,1,0,0,0,0,0,0,0,0,0,0,0,0,0,0,0,0,0,0,0,0
10855,Chasen Shreve,COL,1,0,0,0,0,0,0,0,0,1,1,0,0,0,0,0,0,0,0,0,0,0,0,0,0,0,0,0,0,0,0
12976,Austin Hedges,CLE,1,0,0,0,0,0,0,0,0,2,0,0,0,1,0,0,0,0,0,0,0,0,0,0,0,0,0,0,0,0,0
13897,Tyler Heineman,TOR,1,0,0,0,0,0,0,0,0,1,1,0,0,0,0,0,0,0,0,0,0,0,0,0,0,0,0,0,0,0,0
14593,David Bote,CHC,1,0,0,0,0,0,0,0,0,1,1,0,0,1,0,0,0,0,0,0,0,0,0,0,0,0,0,0,0,0,0
15653,Dominic Smith,BOS,3,0,0,0,0,0,0,0,0,3,2,0,0,1,0,0,0,0,0,0,0,0,0,0,0,0,0,0,0,0,0
16357,Pablo Reyes,BOS,1,0,0,0,0,0,0,0,0,1,1,0,0,1,0,0,0,0,0,0,0,0,0,0,0,0,0,0,0,0,0
16959,Eddy Alvarez,NYM,1,0,0,0,0,0,0,0,0,1,1,0,0,0,1,1,0,0,0,0,0,0,0,0,0,0,0,0,0,0,0
17326,Cole Tucker,LAA,1,0,0,0,0,0,0,0,0,1,1,0,0,1,0,0,0,0,0,0,0,0,0,0,0,0,0,0,0,0,0
17338,Willi Castro,MIN,2,0,0,0,0,0,0,0,0,1.1,0,0,0,0,0,0,0,0,0,0,0,0,0,0,0,0,0,0,0,0,0
18152,Anthony Misiewicz,NYY,1,0,0,0,0,0,0,0,0,1,2,0,0,1,0,1,0,0,0,0,0,0,0,0,0,0,0,0,0,0,0
18815,Miguel Diaz,HOU,1,0,0,0,0,0,0,0,0,1,0,0,0,0,0,0,0,0,0,0,0,0,0,0,0,0,0,0,0,0,0
18889,Danny Mendick,CHW,1,0,0,0,0,0,0,0,0,1,2,0,0,0,0,0,0,0,0,0,0,0,0,0,0,0,0,0,0,0,0
19262,Garrett Hampson,KCR,1,0,0,0,0,0,0,0,0,1,0,0,0,0,1,0,0,0,0,0,0,0,0,0,0,0,0,0,0,0,0
19314,Donovan Walton,SFG,1,0,0,0,0,0,0,0,0,1,2,0,0,0,0,0,0,0,0,0,0,0,0,0,0,0,0,0,0,0,0
19358,Weston Wilson,PHI,1,0,0,0,0,0,0,0,0,1,1,0,0,0,0,0,0,0,0,0,0,0,0,0,0,0,0,0,0,0,0
19514,Andrew Knizner,TEX,2,0,0,0,0,0,0,0,0,3,1,0,0,2,0,0,0,0,0,0,0,0,0,0,0,0,0,0,0,0,0
19586,Forrest Whitley,HOU,3,0,0,0,0,0,0,0,0,3.1,5,0,0,3,1,5,0,0,0,0,0,0,0,0,0,0,0,0,0,0,0
19892,Pavin Smith,ARI,1,0,0,0,0,0,0,0,0,1,0,0,0,1,1,0,0,0,0,0,0,0,0,0,0,0,0,0,0,0,0
21009,Leonardo Rivas,SEA,2,0,0,0,0,0,0,0,0,2,2,0,0,0,0,0,0,0,0,0,0,0,0,0,0,0,0,0,0,0,0
22117,Nick Pratto,KCR,1,0,0,0,0,0,0,0,0,1,1,0,0,0,0,1,0,0,0,0,0,0,0,0,0,0,0,0,0,0,0
22276,Dylan Coleman,HOU,1,0,0,0,0,0,0,0,0,1,0,0,0,1,0,1,0,0,0,0,0,0,0,0,0,0,0,0,0,0,0
24493,Adam Kloffenstein,STL,1,0,0,0,0,0,0,1,0,1,0,0,0,0,0,0,0,0,0,0,0,0,0,0,0,0,0,0,0,0,0
25353,Michael Stefanic,LAA,1,0,0,0,0,0,0,0,0,1,1,0,0,0,1,0,0,0,0,0,0,0,0,0,0,0,0,0,0,0,0
25427,Gavin Hollowell,CHC,1,0,0,0,0,0,0,0,0,1.1,2,0,0,0,0,1,0,0,0,0,0,0,0,0,0,0,0,0,0,0,0
25813,Grae Kessinger,HOU,1,0,0,0,0,0,0,0,0,1,0,0,0,0,0,0,0,0,0,0,0,0,0,0,0,0,0,0,0,0,0
26353,Marc Church,TEX,1,0,0,0,0,0,0,0,0,1,1,0,0,0,0,1,0,0,0,0,0,0,0,0,0,0,0,0,0,0,0
26448,Trevor McDonald,SFG,1,0,0,0,0,0,0,0,0,3,0,0,0,1,0,1,0,0,0,0,0,0,0,0,0,0,0,0,0,0,0
26466,Matt Wallner,MIN,1,0,0,0,0,0,0,0,0,1.1,2,0,0,0,0,0,0,0,0,0,0,0,0,0,0,0,0,0,0,0,0
27585,Zac Kristofak,LAA,1,0,0,0,0,0,0,0,0,2,3,0,0,2,0,2,0,0,0,0,0,0,0,0,0,0,0,0,0,0,0
27630,Nick Loftin,KCR,1,0,0,0,0,0,0,0,0,1,1,0,0,0,0,0,0,0,0,0,0,0,0,0,0,0,0,0,0,0,0
29521,Ryan Loutos,STL,3,0,0,0,0,0,0,0,0,2.1,2,0,0,1,0,0,0,0,0,0,0,0,0,0,0,0,0,0,0,0,0
29891,James Meeker,MIL,1,0,0,0,0,0,0,0,0,1,1,0,0,1,0,0,0,0,0,0,0,0,0,0,0,0,0,0,0,0,0
30203,Jackson Jobe,DET,2,0,0,0,0,0,0,0,0,4,1,0,0,1,0,2,0,0,0,0,0,0,0,0,0,0,0,0,0,0,0
26907,Jairo Iriarte,CHW,6,0,1,0,0,0,0,0,0,6,3,1,0,8,0,6,0,0,0,0,0,0,0,0,0,0,0,0,0,0,0
20491,J.B. Bukauskas,MIL,6,0,0,0,0,0,0,1,0,6,3,1,1,1,0,6,0,0,0,0,0,0,0,0,0,0,0,0,0,0,0
24937,Austin Warren,SFG,6,0,0,0,0,0,0,0,0,10.2,9,2,1,5,0,7,0,0,0,0,0,0,0,0,0,0,0,0,0,0,0
20408,Eli Villalobos,MIA,3,0,0,0,0,0,0,0,0,4.1,3,1,1,2,0,3,0,0,0,0,0,0,0,0,0,0,0,0,0,0,0
25368,Zach Penrod,BOS,7,0,0,0,0,0,0,2,0,4,3,1,0,4,1,3,0,0,0,0,0,0,0,0,0,0,0,0,0,0,0
21310,Josh Maciejewski,NYY,4,0,0,0,0,0,0,0,0,7,4,2,1,2,0,7,0,0,0,0,0,0,0,0,0,0,0,0,0,0,0
13774,Zach Eflin,BAL,28,10,9,13,0,0,0,0,0,165.1,166,66,22,24,3,134,0,0,0,0,0,0,0,0,0,0,0,0,0,0,0
11176,David Buchanan,CIN,1,0,0,0,0,0,0,0,0,3.1,2,1,0,2,0,1,0,0,0,0,0,0,0,0,0,0,0,0,0,0,0
14420,Jackson Stephens,ATL,3,0,0,0,0,0,0,0,0,3.1,5,1,1,1,1,2,0,0,0,0,0,0,0,0,0,0,0,0,0,0,0
17496,Diego Castillo,MIN,7,0,0,0,0,0,0,0,0,10,8,3,0,8,0,6,0,0,0,0,0,0,0,0,0,0,0,0,0,0,0
17479,Jack Flaherty,LAD,28,13,7,15,0,0,0,0,0,162,135,57,24,38,4,194,0,0,0,0,0,0,0,0,0,0,0,0,0,0,0
21093,Nick Vespi,BAL,11,0,0,0,0,0,0,0,0,12.1,10,4,1,3,0,9,0,0,0,0,0,0,0,0,0,0,0,0,0,0,0
27702,Brent Headrick,MIN,1,0,0,0,0,0,0,0,0,3,2,1,1,2,0,5,0,0,0,0,0,0,0,0,0,0,0,0,0,0,0
17964,Tyler Gilbert,PHI,6,0,0,0,0,0,0,0,0,8.1,10,3,1,2,1,4,0,0,0,0,0,0,0,0,0,0,0,0,0,0,0
31883,Troy Taylor,SEA,21,0,0,0,0,0,1,6,0,19.1,15,8,4,7,0,25,0,0,0,0,0,0,0,0,0,0,0,0,0,0,0
19222,Lake Bachar,MIA,10,0,1,0,0,0,0,5,0,9.1,10,4,2,4,0,11,0,0,0,0,0,0,0,0,0,0,0,0,0,0,0
19479,Aaron Civale,MIL,31,8,9,8,0,0,0,0,0,161,158,78,29,52,6,149,0,0,0,0,0,0,0,0,0,0,0,0,0,0,0
27668,Brandon Eisert,TOR,3,0,0,0,0,0,0,0,0,6.2,5,3,0,4,0,2,0,0,0,0,0,0,0,0,0,0,0,0,0,0,0
10472,Enrique Hernandez,LAD,4,0,0,0,0,0,0,0,0,4.1,5,2,0,0,0,0,0,0,0,0,0,0,0,0,0,0,0,0,0,0,0
19179,Kirby Snead,SEA,11,0,0,0,0,0,0,0,0,10.1,12,5,0,7,0,7,0,0,0,0,0,0,0,0,0,0,0,0,0,0,0
15194,Jake Bauers,MIL,4,0,0,0,0,0,0,0,0,4,5,2,0,4,0,1,0,0,0,0,0,0,0,0,0,0,0,0,0,0,0
16233,Tejay Antone,CIN,4,0,0,0,0,0,0,0,0,2,2,1,0,4,0,2,0,0,0,0,0,0,0,0,0,0,0,0,0,0,0
16306,Gerardo Reyes,OAK,3,0,0,0,0,0,0,0,0,4,4,2,0,3,0,2,0,0,0,0,0,0,0,0,0,0,0,0,0,0,0
16512,Isiah Kiner-Falefa,TOR,2,0,0,0,0,0,0,0,0,2,1,1,0,2,0,0,0,0,0,0,0,0,0,0,0,0,0,0,0,0,0
17871,Ian Gibaut,CIN,2,0,0,0,0,0,0,0,0,2,3,1,0,1,0,1,0,0,0,0,0,0,0,0,0,0,0,0,0,0,0
19736,Caleb Boushley,MIN,2,0,0,0,0,0,0,0,0,4,6,2,0,2,0,1,0,0,0,0,0,0,0,0,0,0,0,0,0,0,0
19931,Luke Williams,ATL,3,0,0,0,0,0,0,0,0,4,5,2,0,1,1,0,0,0,0,0,0,0,0,0,0,0,0,0,0,0,0
21859,Alex Speas,HOU,1,0,0,0,0,0,0,0,0,2,2,1,1,1,0,2,0,0,0,0,0,0,0,0,0,0,0,0,0,0,0
27590,Jacob Eder,CHW,1,0,0,0,0,0,0,0,0,2,2,1,0,1,1,1,0,0,0,0,0,0,0,0,0,0,0,0,0,0,0
23426,Max Lazar,PHI,11,0,0,0,0,0,0,0,0,13.2,13,7,2,2,0,9,0,0,0,0,0,0,0,0,0,0,0,0,0,0,0
14309,Frankie Montas,MIL,30,7,11,9,0,0,0,0,0,150.2,140,81,24,66,6,148,0,0,0,0,0,0,0,0,0,0,0,0,0,0,0
29519,Gordon Graceffo,STL,2,0,1,0,0,0,0,0,0,7.2,7,4,1,2,0,6,0,0,0,0,0,0,0,0,0,0,0,0,0,0,0
25589,Sammy Peralta,CHW,9,0,0,0,0,0,0,1,0,15,21,8,2,7,0,11,0,0,0,0,0,0,0,0,0,0,0,0,0,0,0
9174,Casey Kelly,CIN,2,0,0,0,0,0,1,0,0,5.1,5,3,1,1,0,4,0,0,0,0,0,0,0,0,0,0,0,0,0,0,0
20385,Isaac Mattson,PIT,3,0,0,0,0,0,0,0,0,5.1,1,3,0,5,1,6,0,0,0,0,0,0,0,0,0,0,0,0,0,0,0
14375,Amir Garrett,LAA,6,0,0,0,0,0,0,0,0,5.1,4,3,1,5,0,11,0,0,0,0,0,0,0,0,0,0,0,0,0,0,0
23617,Josh Walker,NYM,10,0,0,0,0,0,0,0,0,12.1,13,7,1,6,0,11,0,0,0,0,0,0,0,0,0,0,0,0,0,0,0
19320,Joey Lucchesi,NYM,2,0,2,1,0,0,0,0,0,10.1,8,6,1,8,0,7,0,0,0,0,0,0,0,0,0,0,0,0,0,0,0
18318,Jacob Waguespack,TBR,4,0,0,0,0,0,0,0,0,10,13,6,1,10,0,11,0,0,0,0,0,0,0,0,0,0,0,0,0,0,0
22092,Kyle Tyler,MIA,8,0,2,0,0,0,0,0,0,31.2,37,19,4,18,1,25,0,0,0,0,0,0,0,0,0,0,0,0,0,0,0
18555,Logan Allen,ARI,12,0,1,5,0,0,1,1,0,28,32,17,3,10,2,21,0,0,0,0,0,0,0,0,0,0,0,0,0,0,0
23798,Randy Dobnak,MIN,5,0,0,0,0,0,0,0,0,9.2,11,6,1,5,0,7,0,0,0,0,0,0,0,0,0,0,0,0,0,0,0
25862,Noah Davis,COL,9,0,0,0,0,0,0,1,0,20.1,31,13,3,7,0,15,0,0,0,0,0,0,0,0,0,0,0,0,0,0,0
6902,Martin Perez,SDP,26,5,6,0,0,0,0,0,0,135,151,68,22,49,5,107,0,0,0,0,0,0,0,0,0,0,0,0,0,0,0
12575,Nick Ramirez,LAD,8,0,0,0,0,0,0,0,0,13.1,18,9,0,7,0,5,0,0,0,0,0,0,0,0,0,0,0,0,0,0,0
14813,Kyle Farmer,MIN,3,0,0,0,0,0,0,0,0,4,7,3,0,1,0,0,0,0,0,0,0,0,0,0,0,0,0,0,0,0,0
15679,Rowdy Tellez,PIT,3,0,0,0,0,0,0,0,0,2.2,5,2,0,1,2,0,0,0,0,0,0,0,0,0,0,0,0,0,0,0,0
17304,Emmanuel Ramirez,MIA,15,0,1,0,0,0,0,0,0,20.2,21,16,3,8,3,21,0,0,0,0,0,0,0,0,0,0,0,0,0,0,0
27498,Spencer Strider,ATL,2,0,0,0,0,0,0,0,0,9,10,7,2,5,0,12,0,0,0,0,0,0,0,0,0,0,0,0,0,0,0
22461,Logan Gillaspie,SDP,9,0,0,0,0,0,0,0,0,11.1,15,9,2,0,1,7,0,0,0,0,0,0,0,0,0,0,0,0,0,0,0
14843,Michael Lorenzen,KCR,26,7,6,9,0,0,0,0,0,130.1,101,48,17,60,6,97,0,0,0,0,0,0,0,0,0,0,0,0,0,0,0
30161,Carlos Rodriguez,MIL,3,0,3,0,0,0,0,0,0,12.1,19,10,3,3,0,9,0,0,0,0,0,0,0,0,0,0,0,0,0,0,0
16350,Ryan Borucki,PIT,14,0,0,0,0,0,0,3,1,11,14,9,2,4,1,13,0,0,0,0,0,0,0,0,0,0,0,0,0,0,0
22113,Cole Winn,TEX,13,0,1,0,0,0,0,0,0,17.1,18,15,2,4,3,14,0,0,0,0,0,0,0,0,0,0,0,0,0,0,0
22286,Trevor Rogers,BAL,25,2,11,3,0,0,0,0,0,124.1,140,68,14,56,4,97,0,0,0,0,0,0,0,0,0,0,0,0,0,0,0
18519,Phil Bickford,NYY,8,0,0,0,0,0,0,0,0,8.1,10,8,1,1,1,6,0,0,0,0,0,0,0,0,0,0,0,0,0,0,0
19890,Emmanuel Rivera,MIA,4,0,0,0,0,0,0,0,0,4,7,4,1,0,1,0,0,0,0,0,0,0,0,0,0,0,0,0,0,0,0
20352,Ernie Clement,TOR,1,0,0,0,0,0,0,0,0,1,2,1,0,0,0,0,0,0,0,0,0,0,0,0,0,0,0,0,0,0,0
22370,Raymond Burgos,SFG,1,0,0,0,0,0,0,0,0,1,3,1,0,1,0,1,0,0,0,0,0,0,0,0,0,0,0,0,0,0,0
25111,David Hensley,MIA,1,0,0,0,0,0,0,0,0,2,2,2,0,1,1,0,0,0,0,0,0,0,0,0,0,0,0,0,0,0,0
26208,Tyler Fitzgerald,SFG,3,0,0,0,0,0,0,0,0,3,6,3,0,0,0,0,0,0,0,0,0,0,0,0,0,0,0,0,0,0,0
29928,Dylan Dodd,ATL,1,0,0,0,0,0,0,0,0,2,4,2,0,1,0,2,0,0,0,0,0,0,0,0,0,0,0,0,0,0,0
19558,Geoff Hartlieb,COL,5,0,0,0,0,0,0,1,0,9,13,9,1,4,0,7,0,0,0,0,0,0,0,0,0,0,0,0,0,0,0
17117,Austin Davis,SDP,7,0,0,0,0,0,0,0,0,7,6,7,0,5,2,6,0,0,0,0,0,0,0,0,0,0,0,0,0,0,0
23779,Justin Bruihl,PIT,7,0,0,0,0,0,0,0,1,5.2,9,6,1,1,1,5,0,0,0,0,0,0,0,0,0,0,0,0,0,0,0
15239,Alan Busenitz,CIN,3,0,0,0,0,0,0,0,0,4,9,6,1,0,0,3,0,0,0,0,0,0,0,0,0,0,0,0,0,0,0
16725,Jose Trevino,NYY,2,0,0,0,0,0,0,0,0,2,5,3,0,2,0,0,0,0,0,0,0,0,0,0,0,0,0,0,0,0,0
26247,Orlando Ribalta,WSN,4,0,0,0,0,0,0,0,0,3.1,10,5,0,2,1,3,0,0,0,0,0,0,0,0,0,0,0,0,0,0,0
24580,Josiah Gray,WSN,2,0,2,0,0,0,0,0,0,8.1,15,13,2,5,0,9,0,0,0,0,0,0,0,0,0,0,0,0,0,0,0
19244,Cole Irvin,MIN,29,6,6,4,0,0,1,1,0,111,132,63,18,29,6,78,0,0,0,0,0,0,0,0,0,0,0,0,0,0,0
13355,Luke Maile,CIN,3,0,0,0,0,0,0,0,0,3.2,6,6,1,0,0,0,0,0,0,0,0,0,0,0,0,0,0,0,0,0,0
14854,Mike Yastrzemski,SFG,1,0,0,0,0,0,0,0,0,1,2,2,0,3,0,0,0,0,0,0,0,0,0,0,0,0,0,0,0,0,0
20231,Zach Logue,LAD,2,0,0,0,0,0,0,0,0,2,6,4,1,0,0,4,0,0,0,0,0,0,0,0,0,0,0,0,0,0,0
5343,Brandon Crawford,STL,1,0,0,0,0,0,0,0,0,1.1,3,4,0,2,1,0,0,0,0,0,0,0,0,0,0,0,0,0,0,0,0
19574,JoJo Romero,STL,65,7,3,0,0,0,1,30,8,59,52,22,8,16,5,51,0,0,0,0,0,0,0,0,0,0,0,0,0,0,0
22630,Keider Montero,DET,19,6,6,4,1,1,0,0,0,98.1,100,52,19,31,3,77,0,0,0,0,0,0,0,0,0,0,0,0,0,0,0
18297,Tyler Kinley,COL,67,6,1,0,0,0,12,14,1,64,61,44,11,33,2,72,0,0,0,0,0,0,0,0,0,0,0,0,0,0,0
18655,A.J. Minter,ATL,39,5,4,0,0,0,1,9,3,34.1,24,10,6,11,1,35,0,0,0,0,0,0,0,0,0,0,0,0,0,0,0
11828,James Paxton,BOS,21,9,3,7,0,0,0,0,0,100.1,95,49,12,50,1,73,0,0,0,0,0,0,0,0,0,0,0,0,0,0,0
19409,Dane Dunning,TEX,26,5,7,2,0,0,0,0,0,95,97,56,18,40,6,91,0,0,0,0,0,0,0,0,0,0,0,0,0,0,0
16502,Ryan Yarbrough,TOR,44,5,2,0,0,0,1,1,3,98.2,70,35,11,32,12,65,0,0,0,0,0,0,0,0,0,0,0,0,0,0,0
20629,Tyler Phillips,PHI,8,4,1,2,1,1,0,0,0,36.2,45,28,9,7,2,28,0,0,0,0,0,0,0,0,0,0,0,0,0,0,0
23899,Valente Bellozo,MIA,13,3,4,2,0,0,0,0,0,68.2,69,28,15,21,2,44,0,0,0,0,0,0,0,0,0,0,0,0,0,0,0
18864,Pedro Avila,CLE,54,6,1,0,0,0,1,1,0,82.2,73,35,8,36,4,82,0,0,0,0,0,0,0,0,0,0,0,0,0,0,0
31967,Drew Thorpe,CHW,9,3,3,5,0,0,0,0,0,44.1,35,27,8,21,1,25,0,0,0,0,0,0,0,0,0,0,0,0,0,0,0
30094,Jordan Wicks,CHC,11,2,4,1,0,0,0,0,0,46,55,28,9,20,2,42,0,0,0,0,0,0,0,0,0,0,0,0,0,0,0
16074,Nick Burdi,NYY,12,1,0,0,0,0,0,3,0,9.2,5,2,1,9,2,12,0,0,0,0,0,0,0,0,0,0,0,0,0,0,0
24728,Mike Burrows,PIT,1,1,0,0,0,0,0,0,0,3.1,2,1,1,3,0,2,0,0,0,0,0,0,0,0,0,0,0,0,0,0,0
23488,Ron Marinaccio,NYY,16,1,0,0,0,0,0,1,1,23.1,18,10,4,10,3,25,0,0,0,0,0,0,0,0,0,0,0,0,0,0,0
26443,Samuel Aldegheri,LAA,3,1,2,0,0,0,0,0,0,13,15,7,2,10,2,10,0,0,0,0,0,0,0,0,0,0,0,0,0,0,0
13781,Alex Wood,OAK,9,1,3,1,0,0,0,0,0,39.1,51,23,6,19,5,33,0,0,0,0,0,0,0,0,0,0,0,0,0,0,0
22288,Mason Englert,DET,12,1,0,0,0,0,0,0,0,21.2,23,13,4,5,1,16,0,0,0,0,0,0,0,0,0,0,0,0,0,0,0
12718,Adrian Houser,NYM,23,1,5,0,0,0,1,1,0,69.1,74,45,8,32,4,45,0,0,0,0,0,0,0,0,0,0,0,0,0,0,0
10315,Michael Tonkin,MIN,57,4,4,0,0,0,2,1,2,79.1,70,32,6,30,8,85,0,0,0,0,0,0,0,0,0,0,0,0,0,0,0
24993,Kody Funderburk,MIN,27,1,0,0,0,0,1,5,0,34.2,41,25,4,15,5,32,0,0,0,0,0,0,0,0,0,0,0,0,0,0,0
20276,Deivi Garcia,CHW,14,1,2,0,0,0,1,0,1,14,16,11,2,11,0,15,0,0,0,0,0,0,0,0,0,0,0,0,0,0,0
16929,Touki Toussaint,CHW,11,1,2,0,0,0,0,1,0,23,35,19,3,18,1,26,0,0,0,0,0,0,0,0,0,0,0,0,0,0,0
14739,Paul Blackburn,NYM,14,5,4,7,0,0,0,0,0,75.1,76,39,12,21,3,59,0,0,0,0,0,0,0,0,0,0,0,0,0,0,0
17186,Dinelson Lamet,LAD,3,0,0,0,0,0,1,0,0,4.1,2,1,1,2,0,3,0,0,0,0,0,0,0,0,0,0,0,0,0,0,0
19647,Matt Foster,CHW,6,0,1,0,0,0,0,1,0,6.2,5,2,1,5,0,4,0,0,0,0,0,0,0,0,0,0,0,0,0,0,0
20379,Tyler Zuber,TBR,2,0,0,0,0,0,0,0,0,3.1,3,1,1,2,0,4,0,0,0,0,0,0,0,0,0,0,0,0,0,0,0
22872,Yoendrys Gomez,NYY,5,0,0,0,0,0,0,0,0,11.1,11,5,2,7,1,10,0,0,0,0,0,0,0,0,0,0,0,0,0,0,0
22187,Ryan Miller,LAA,13,0,1,0,0,0,0,1,1,13,13,6,2,8,0,11,0,0,0,0,0,0,0,0,0,0,0,0,0,0,0
26213,Caleb Kilian,CHC,2,0,1,0,0,0,0,0,0,10.2,11,5,2,6,0,7,0,0,0,0,0,0,0,0,0,0,0,0,0,0,0
20515,Kyle Nelson,ARI,11,0,0,0,0,0,0,2,1,10.2,8,5,2,4,0,8,0,0,0,0,0,0,0,0,0,0,0,0,0,0,0
23265,Cody Bolton,SEA,17,0,0,0,0,0,0,0,0,18.2,18,9,3,9,0,17,0,0,0,0,0,0,0,0,0,0,0,0,0,0,0
13324,Ildemaro Vargas,WSN,2,0,0,0,0,0,0,0,0,2,3,1,1,0,1,0,0,0,0,0,0,0,0,0,0,0,0,0,0,0,0
20287,Ben Rortvedt,TBR,1,0,0,0,0,0,0,0,0,2,3,1,1,2,0,1,0,0,0,0,0,0,0,0,0,0,0,0,0,0,0
25481,Joe La Sorsa,WSN,16,0,0,0,0,0,0,0,0,17.2,17,9,4,5,1,14,0,0,0,0,0,0,0,0,0,0,0,0,0,0,0
20298,Jhonathan Diaz,SEA,5,0,1,0,0,0,0,0,0,9.2,14,5,2,3,0,8,0,0,0,0,0,0,0,0,0,0,0,0,0,0,0
22690,Jack O'Loughlin,OAK,4,0,0,0,0,0,0,1,0,9.2,13,5,1,5,0,6,0,0,0,0,0,0,0,0,0,0,0,0,0,0,0
19835,Gerson Garabito,TEX,18,0,2,0,0,0,0,0,1,26.1,23,14,4,12,4,22,0,0,0,0,0,0,0,0,0,0,0,0,0,0,0
4806,Rich Hill,BOS,4,0,1,0,0,0,0,0,0,3.2,1,2,1,3,1,5,0,0,0,0,0,0,0,0,0,0,0,0,0,0,0
12272,Aaron Brooks,OAK,5,0,2,2,0,0,0,0,0,26.2,33,15,4,8,1,12,0,0,0,0,0,0,0,0,0,0,0,0,0,0,0
30250,Jaden Hill,COL,9,0,0,0,0,0,0,1,0,10.2,8,6,2,4,2,6,0,0,0,0,0,0,0,0,0,0,0,0,0,0,0
25098,Jacob Lopez,TBR,4,0,0,0,0,0,0,0,0,10.1,5,6,2,7,2,8,0,0,0,0,0,0,0,0,0,0,0,0,0,0,0
9434,Dallas Keuchel,MIL,4,0,0,0,0,0,0,0,0,16.2,23,10,3,8,0,11,0,0,0,0,0,0,0,0,0,0,0,0,0,0,0
18384,Scott Effross,NYY,3,0,0,0,0,0,0,0,0,3.1,3,2,1,2,0,2,0,0,0,0,0,0,0,0,0,0,0,0,0,0,0
29823,Ky Bush,CHW,4,0,3,1,0,0,0,0,0,17.2,20,11,2,16,1,11,0,0,0,0,0,0,0,0,0,0,0,0,0,0,0
11487,Joely Rodriguez,BOS,14,0,1,0,0,0,0,4,1,13.2,19,9,3,2,1,12,0,0,0,0,0,0,0,0,0,0,0,0,0,0,0
12022,Matt Andriese,MIA,4,0,1,0,0,0,0,0,0,6,7,4,2,1,0,7,0,0,0,0,0,0,0,0,0,0,0,0,0,0,0
11861,Jason Adam,SDP,74,7,2,0,0,0,4,31,4,73.2,40,16,5,23,6,81,0,0,0,0,0,0,0,0,0,0,0,0,0,0,0
8779,Wade Miley,MIL,2,0,1,0,0,0,0,0,0,7,6,5,1,4,1,2,0,0,0,0,0,0,0,0,0,0,0,0,0,0,0
21324,Parker Mushinski,HOU,10,0,0,0,0,0,0,1,0,11,11,8,1,5,1,3,0,0,0,0,0,0,0,0,0,0,0,0,0,0,0
15488,Antonio Senzatela,COL,3,0,1,0,0,0,0,0,0,12.1,15,9,3,8,0,7,0,0,0,0,0,0,0,0,0,0,0,0,0,0,0
15038,German Marquez,COL,1,0,0,0,0,0,0,0,0,4,5,3,1,4,0,3,0,0,0,0,0,0,0,0,0,0,0,0,0,0,0
19278,Vladimir Gutierrez,MIA,1,0,0,0,0,0,0,0,1,4,3,3,1,2,0,4,0,0,0,0,0,0,0,0,0,0,0,0,0,0,0
29866,Chayce McDermott,BAL,1,0,0,0,0,0,0,0,0,4,5,3,1,2,0,3,0,0,0,0,0,0,0,0,0,0,0,0,0,0,0
30074,Chase Silseth,LAA,2,0,1,0,0,0,0,0,0,8,8,6,3,4,0,12,0,0,0,0,0,0,0,0,0,0,0,0,0,0,0
29946,Grant Hartwig,NYM,4,0,0,0,0,0,0,0,0,6.2,6,5,1,4,2,4,0,0,0,0,0,0,0,0,0,0,0,0,0,0,0
12808,Mike Clevinger,CHW,4,0,3,0,0,0,0,0,0,16,22,12,4,9,0,15,0,0,0,0,0,0,0,0,0,0,0,0,0,0,0
22925,Joan Adon,WSN,8,0,0,0,0,0,0,0,0,10.2,12,8,2,4,1,6,0,0,0,0,0,0,0,0,0,0,0,0,0,0,0
24933,Andrew Wantz,LAA,1,0,0,0,0,0,0,0,0,1.1,1,1,1,1,0,3,0,0,0,0,0,0,0,0,0,0,0,0,0,0,0
21212,J.P. France,HOU,5,0,3,0,0,0,0,0,0,25.1,31,21,5,12,1,22,0,0,0,0,0,0,0,0,0,0,0,0,0,0,0
19281,Nick Hernandez,HOU,5,0,0,0,0,0,0,0,0,8,10,7,4,1,0,10,0,0,0,0,0,0,0,0,0,0,0,0,0,0,0
25921,Casey Legumina,CIN,6,0,0,0,0,0,0,0,0,9.1,15,9,2,2,1,7,0,0,0,0,0,0,0,0,0,0,0,0,0,0,0
19734,Josh Rojas,SEA,2,0,0,0,0,0,0,0,0,2,1,2,1,2,0,0,0,0,0,0,0,0,0,0,0,0,0,0,0,0,0
20572,Kody Clemens,PHI,1,0,0,0,0,0,0,0,0,1,2,1,1,1,0,0,0,0,0,0,0,0,0,0,0,0,0,0,0,0,0
30106,Jack Neely,CHC,6,0,0,0,0,0,0,0,0,6,8,6,2,2,0,7,0,0,0,0,0,0,0,0,0,0,0,0,0,0,0
16990,Tanner Banks,PHI,63,2,3,0,0,0,2,8,4,72.1,69,32,6,25,3,78,0,0,0,0,0,0,0,0,0,0,0,0,0,0,0
8110,Bryan Shaw,CHW,5,0,1,0,0,0,0,0,1,4,8,4,1,4,0,4,0,0,0,0,0,0,0,0,0,0,0,0,0,0,0
19392,Zach McKinstry,DET,3,0,0,0,0,0,0,0,0,2,1,2,1,1,0,0,0,0,0,0,0,0,0,0,0,0,0,0,0,0,0
17586,Tanner Scott,SDP,72,9,6,0,0,0,22,11,2,72,45,14,3,36,1,84,0,0,0,0,0,0,0,0,0,0,0,0,0,0,0
16135,Brandon Leibrandt,CIN,2,0,0,0,0,0,0,0,0,6.1,11,7,3,2,0,5,0,0,0,0,0,0,0,0,0,0,0,0,0,0,0
5097,Anthony Gose,CLE,3,0,0,0,0,0,0,0,0,4.1,9,5,2,1,0,4,0,0,0,0,0,0,0,0,0,0,0,0,0,0,0
16318,Ricardo Pinto,PHI,6,0,0,0,0,0,1,0,0,10.2,19,13,2,5,2,8,0,0,0,0,0,0,0,0,0,0,0,0,0,0,0
15100,Ben Heller,PIT,8,0,1,0,0,0,0,0,0,12,19,15,1,6,6,15,0,0,0,0,0,0,0,0,0,0,0,0,0,0,0
31533,Victor Mederos,LAA,4,0,1,0,0,0,0,0,1,5.1,7,7,1,6,0,5,0,0,0,0,0,0,0,0,0,0,0,0,0,0,0
17878,Dennis Santana,PIT,62,3,1,0,0,0,3,12,0,71.2,57,31,4,21,4,69,0,0,0,0,0,0,0,0,0,0,0,0,0,0,0
6797,Julio Teheran,NYM,1,0,0,0,0,0,0,0,0,2.2,6,4,1,2,0,3,0,0,0,0,0,0,0,0,0,0,0,0,0,0,0
19343,A.J. Puk,ARI,62,4,9,0,0,0,3,14,3,71.1,51,25,5,28,2,88,0,0,0,0,0,0,0,0,0,0,0,0,0,0,0
27910,Austin Kitchen,MIA,4,0,1,0,0,0,0,0,0,7,16,11,1,3,0,4,0,0,0,0,0,0,0,0,0,0,0,0,0,0,0
27783,Zach Brzykcy,WSN,6,0,0,0,0,0,0,0,0,5.2,9,9,2,3,0,4,0,0,0,0,0,0,0,0,0,0,0,0,0,0,0
16507,Dan Altavilla,KCR,5,0,1,0,0,0,0,0,0,3.2,5,6,1,3,1,5,0,0,0,0,0,0,0,0,0,0,0,0,0,0,0
18067,Garrett Stubbs,PHI,4,0,0,0,0,0,0,0,0,4,6,7,2,2,0,0,0,0,0,0,0,0,0,0,0,0,0,0,0,0,0
5297,Aaron Hicks,LAA,1,0,0,0,0,0,0,0,0,1,2,2,1,1,0,0,0,0,0,0,0,0,0,0,0,0,0,0,0,0,0
10200,Tucker Barnhart,ARI,1,0,0,0,0,0,0,0,0,1,4,2,1,0,0,0,0,0,0,0,0,0,0,0,0,0,0,0,0,0,0
12859,James McCann,BAL,1,0,0,0,0,0,0,0,0,1,2,2,1,0,0,0,0,0,0,0,0,0,0,0,0,0,0,0,0,0,0
19315,Matt Krook,BAL,1,0,0,0,0,0,0,0,0,1,1,2,1,1,0,2,0,0,0,0,0,0,0,0,0,0,0,0,0,0,0
24655,Owen Miller,MIL,1,0,0,0,0,0,0,0,0,2,5,4,1,1,0,0,0,0,0,0,0,0,0,0,0,0,0,0,0,0,0
26128,Amos Willingham,WSN,1,0,0,0,0,0,0,0,0,1,2,2,1,0,0,1,0,0,0,0,0,0,0,0,0,0,0,0,0,0,0
20018,Parker Dunshee,ATL,1,0,0,0,0,0,0,0,0,2.1,4,5,2,2,1,3,0,0,0,0,0,0,0,0,0,0,0,0,0,0,0
27626,Eric Orze,NYM,2,0,1,0,0,0,0,0,0,1.2,3,4,1,2,1,1,0,0,0,0,0,0,0,0,0,0,0,0,0,0,0
22273,Owen White,TEX,3,0,0,0,0,0,0,0,0,3,9,8,1,1,0,0,0,0,0,0,0,0,0,0,0,0,0,0,0,0,0
15968,Brady Feigl,PIT,1,0,0,0,0,0,0,0,0,1.2,7,6,1,0,0,0,0,0,0,0,0,0,0,0,0,0,0,0,0,0,0
26020,Seth Johnson,PHI,1,0,1,0,0,0,0,0,0,2.1,8,9,1,3,0,0,0,0,0,0,0,0,0,0,0,0,0,0,0,0,0
26203,Andrew Saalfrank,ARI,2,0,0,0,0,0,0,0,0,1,2,4,0,4,0,0,0,0,0,0,0,0,0,0,0,0,0,0,0,0,0
21290,Lucas Gilbreath,COL,3,0,0,0,0,0,0,0,0,1,7,6,1,1,1,0,0,0,0,0,0,0,0,0,0,0,0,0,0,0,0
10197,Shelby Miller,DET,51,6,8,0,0,0,2,5,7,55.2,41,28,9,13,5,49,0,0,0,0,0,0,0,0,0,0,0,0,0,0,0
19990,Bryse Wilson,MIL,34,5,4,2,0,0,0,0,0,104.2,102,47,20,31,4,82,0,0,0,0,0,0,0,0,0,0,0,0,0,0,0
13761,Chris Stratton,KCR,57,4,3,0,0,0,4,5,3,58.1,53,36,5,33,3,44,0,0,0,0,0,0,0,0,0,0,0,0,0,0,0
17192,Jalen Beeks,PIT,71,7,4,0,0,0,10,8,8,70,77,35,6,27,3,55,0,0,0,0,0,0,0,0,0,0,0,0,0,0,0
21045,Seth Martinez,HOU,44,3,2,0,0,0,1,3,0,52.2,49,21,7,18,4,36,0,0,0,0,0,0,0,0,0,0,0,0,0,0,0
18337,Nick Anderson,KCR,37,3,1,0,0,0,1,2,0,35.2,35,16,6,15,1,29,0,0,0,0,0,0,0,0,0,0,0,0,0,0,0
13580,Steven Okert,MIN,44,3,2,0,0,0,1,7,6,35.1,37,20,6,16,3,33,0,0,0,0,0,0,0,0,0,0,0,0,0,0,0
19569,David Bednar,PIT,62,3,8,0,0,0,23,3,7,57.2,54,37,9,28,3,58,0,0,0,0,0,0,0,0,0,0,0,0,0,0,0
13394,Dylan Floro,- - -,66,6,4,0,0,0,0,11,1,68.2,65,29,5,17,1,48,0,0,0,0,0,0,0,0,0,0,0,0,0,0,0
5448,Jesse Chavez,ATL,46,2,2,0,0,0,0,1,1,63.1,60,22,10,19,1,55,0,0,0,0,0,0,0,0,0,0,0,0,0,0,0
20061,Kaleb Ort,HOU,22,1,1,0,0,0,0,3,0,24.2,16,7,7,4,0,26,0,0,0,0,0,0,0,0,0,0,0,0,0,0,0
22318,Jose Hernandez,PIT,7,1,1,0,0,0,1,1,0,5.1,5,2,1,4,0,4,0,0,0,0,0,0,0,0,0,0,0,0,0,0,0
22810,Roansy Contreras,LAA,49,2,4,0,0,0,2,1,2,68.1,63,33,11,31,4,56,0,0,0,0,0,0,0,0,0,0,0,0,0,0,0
26270,Blake Walston,ARI,7,1,0,0,0,0,0,0,0,18.1,16,9,4,10,3,18,0,0,0,0,0,0,0,0,0,0,0,0,0,0,0
19374,Walker Buehler,LAD,16,1,6,3,0,0,0,0,0,75.1,89,45,16,28,5,64,0,0,0,0,0,0,0,0,0,0,0,0,0,0,0
16943,Sean Newcomb,OAK,7,1,0,0,0,0,0,0,0,10,9,7,2,8,1,7,0,0,0,0,0,0,0,0,0,0,0,0,0,0,0
31827,Zebby Matthews,MIN,9,1,4,0,0,0,0,0,0,37.2,51,28,11,11,2,43,0,0,0,0,0,0,0,0,0,0,0,0,0,0,0
16981,Tyler Beede,CLE,13,1,0,0,0,0,0,2,0,14,16,13,2,9,3,18,0,0,0,0,0,0,0,0,0,0,0,0,0,0,0
25463,Brandon Williamson,CIN,4,0,0,0,0,0,0,0,0,14.1,10,6,4,5,2,12,0,0,0,0,0,0,0,0,0,0,0,0,0,0,0
17610,Tanner Rainey,WSN,50,0,0,0,0,0,0,0,0,51,47,27,8,29,4,44,0,0,0,0,0,0,0,0,0,0,0,0,0,0,0
15684,Miguel Castro,ARI,11,0,0,0,0,0,0,1,0,13.2,20,9,3,3,1,8,0,0,0,0,0,0,0,0,0,0,0,0,0,0,0
20009,Kenny Rosenberg,LAA,7,0,1,0,0,0,0,0,0,24,28,16,5,8,0,17,0,0,0,0,0,0,0,0,0,0,0,0,0,0,0
16401,Yonny Chirinos,MIA,6,0,2,0,0,0,0,0,0,30,43,21,7,13,3,25,0,0,0,0,0,0,0,0,0,0,0,0,0,0,0
17282,Michael Kopech,LAD,67,6,8,0,0,0,15,9,5,67.2,44,26,9,34,5,88,0,0,0,0,0,0,0,0,0,0,0,0,0,0,0
6399,Jose Cisnero,LAA,15,0,0,0,0,0,0,1,1,15.2,18,12,4,8,2,17,0,0,0,0,0,0,0,0,0,0,0,0,0,0,0
14416,Yunior Marte,PHI,23,0,0,0,0,0,0,2,1,26,34,20,5,15,0,23,0,0,0,0,0,0,0,0,0,0,0,0,0,0,0
6893,Johnny Cueto,LAA,2,0,2,1,0,0,0,0,0,11.1,14,9,4,3,0,6,0,0,0,0,0,0,0,0,0,0,0,0,0,0,0
22284,Matt Sauer,KCR,14,0,0,0,0,0,0,0,0,16.1,23,14,3,11,1,9,0,0,0,0,0,0,0,0,0,0,0,0,0,0,0
17149,Domingo German,PIT,7,0,1,1,0,0,0,0,0,20.2,25,18,4,13,2,18,0,0,0,0,0,0,0,0,0,0,0,0,0,0,0
21241,Jonathan Bermudez,MIA,3,0,1,0,0,0,0,0,0,6.2,11,6,2,2,2,4,0,0,0,0,0,0,0,0,0,0,0,0,0,0,0
16610,J.P. Feyereisen,LAD,10,0,1,0,0,0,1,0,0,11,11,10,3,5,1,9,0,0,0,0,0,0,0,0,0,0,0,0,0,0,0
25928,Darius Vines,ATL,4,0,1,0,0,0,0,0,0,13.2,21,13,4,4,1,9,0,0,0,0,0,0,0,0,0,0,0,0,0,0,0
27669,Tanner Gordon,COL,8,0,6,1,0,0,0,0,0,34.1,53,33,10,6,2,26,0,0,0,0,0,0,0,0,0,0,0,0,0,0,0
30146,Jack Leiter,TEX,9,0,3,0,0,0,0,0,0,35.2,44,35,7,17,3,31,0,0,0,0,0,0,0,0,0,0,0,0,0,0,0
19962,Joey Wentz,PIT,46,1,2,0,0,0,1,2,0,67.1,66,35,8,33,4,73,0,0,0,0,0,0,0,0,0,0,0,0,0,0,0
24282,Kai-Wei Teng,SFG,4,0,0,0,0,0,0,0,0,11,15,12,2,8,1,7,0,0,0,0,0,0,0,0,0,0,0,0,0,0,0
10058,Tyler Matzek,ATL,11,0,0,0,0,0,0,2,0,10,16,11,3,3,0,10,0,0,0,0,0,0,0,0,0,0,0,0,0,0,0
13276,Matt Carasiti,COL,7,0,1,0,0,0,0,2,0,8.2,16,10,2,3,1,7,0,0,0,0,0,0,0,0,0,0,0,0,0,0,0
20348,Riley O'Brien,STL,8,0,0,0,0,0,0,0,1,8,13,10,2,8,1,11,0,0,0,0,0,0,0,0,0,0,0,0,0,0,0
23443,Tom Cosgrove,SDP,18,0,1,0,0,0,0,2,0,14.2,23,19,3,6,4,15,0,0,0,0,0,0,0,0,0,0,0,0,0,0,0
27974,Cristian Mena,ARI,1,0,0,0,0,0,0,0,0,3,4,4,2,3,0,2,0,0,0,0,0,0,0,0,0,0,0,0,0,0,0
16128,John Curtiss,COL,3,0,0,0,0,0,0,0,0,2.1,6,4,2,0,0,1,0,0,0,0,0,0,0,0,0,0,0,0,0,0,0
21858,Riley Pint,COL,4,0,0,0,0,0,0,0,0,3.1,5,8,2,5,2,7,0,0,0,0,0,0,0,0,0,0,0,0,0,0,0
20536,Vidal Brujan,MIA,2,0,0,0,0,0,0,0,0,1.2,7,8,2,3,1,1,0,0,0,0,0,0,0,0,0,0,0,0,0,0,0
20349,Zack Kelly,BOS,49,6,3,0,0,0,0,8,1,56.2,44,25,10,27,2,61,0,0,0,0,0,0,0,0,0,0,0,0,0,0,0
11760,Drew Smyly,CHC,50,4,8,0,0,0,0,10,3,58.2,57,25,10,25,3,56,0,0,0,0,0,0,0,0,0,0,0,0,0,0,0
30226,Spencer Bivens,SFG,27,3,1,0,0,0,1,2,0,48.2,47,17,9,11,1,37,0,0,0,0,0,0,0,0,0,0,0,0,0,0,0
27474,Max Meyer,MIA,11,3,5,3,0,0,0,0,0,57,62,36,14,19,3,46,0,0,0,0,0,0,0,0,0,0,0,0,0,0,0
21306,Jake Latz,TEX,46,2,3,0,0,0,0,9,3,43.2,39,18,6,27,1,40,0,0,0,0,0,0,0,0,0,0,0,0,0,0,0
26790,Angel Chivilli,COL,30,2,3,0,0,0,1,7,2,31.2,31,16,7,10,1,28,0,0,0,0,0,0,0,0,0,0,0,0,0,0,0
30031,Julian Aguiar,CIN,7,2,1,2,0,0,0,0,0,31.2,30,22,8,12,5,19,0,0,0,0,0,0,0,0,0,0,0,0,0,0,0
21574,Brendon Little,TOR,49,1,2,0,0,0,1,7,3,45.2,41,19,7,19,1,36,0,0,0,0,0,0,0,0,0,0,0,0,0,0,0
19403,Colin Poche,TBR,43,1,2,0,0,0,2,20,2,37.1,30,16,7,13,0,33,0,0,0,0,0,0,0,0,0,0,0,0,0,0,0
13619,Jakob Junis,CIN,24,4,0,1,0,0,1,0,1,67,49,20,8,8,3,51,0,0,0,0,0,0,0,0,0,0,0,0,0,0,0
16814,Tim Hill,NYY,62,4,0,0,0,0,0,4,1,67,77,25,2,19,2,31,0,0,0,0,0,0,0,0,0,0,0,0,0,0,0
30171,Mason Black,SFG,9,1,5,0,0,0,0,0,0,36.1,46,26,7,15,3,31,0,0,0,0,0,0,0,0,0,0,0,0,0,0,0
16122,Jordan Romano,TOR,15,1,2,0,0,0,8,0,1,13.2,16,10,4,4,1,13,0,0,0,0,0,0,0,0,0,0,0,0,0,0,0
31900,Adam Mazur,SDP,8,1,3,1,0,0,0,0,0,33.2,40,28,6,21,2,22,0,0,0,0,0,0,0,0,0,0,0,0,0,0,0
7432,Jay Jackson,MIN,20,1,2,0,0,0,0,1,0,26.1,28,22,7,9,0,29,0,0,0,0,0,0,0,0,0,0,0,0,0,0,0
19979,Zach Plesac,LAA,3,1,1,1,0,0,0,0,0,12,12,11,4,7,0,5,0,0,0,0,0,0,0,0,0,0,0,0,0,0,0
33168,Jake Bloss,HOU,3,0,1,0,0,0,0,0,0,11.2,16,9,5,3,0,11,0,0,0,0,0,0,0,0,0,0,0,0,0,0,0
8246,Paolo Espino,TOR,3,0,1,0,0,0,0,0,0,8.2,14,8,3,5,1,3,0,0,0,0,0,0,0,0,0,0,0,0,0,0,0
25918,Zack Thompson,STL,5,0,2,0,0,0,0,0,0,17,24,18,6,8,1,20,0,0,0,0,0,0,0,0,0,0,0,0,0,0,0
24607,Jonathan Bowlan,KCR,1,0,1,0,0,0,0,0,0,2.2,6,4,3,3,0,3,0,0,0,0,0,0,0,0,0,0,0,0,0,0,0
21238,Allan Winans,ATL,2,0,2,0,0,0,0,0,0,7.2,14,13,3,4,0,4,0,0,0,0,0,0,0,0,0,0,0,0,0,0,0
22224,Jonathan Heasley,BAL,4,0,1,0,0,0,0,0,0,5.1,10,10,2,3,1,4,0,0,0,0,0,0,0,0,0,0,0,0,0,0,0
27470,Emerson Hancock,SEA,12,4,4,4,0,0,0,0,0,60.2,62,32,12,19,6,39,0,0,0,0,0,0,0,0,0,0,0,0,0,0,0
12857,Shawn Armstrong,- - -,57,3,3,0,0,0,1,5,1,66.2,77,36,6,25,2,66,0,0,0,0,0,0,0,0,0,0,0,0,0,0,0
20160,Nate Pearson,CHC,60,2,2,0,0,0,2,11,2,66.1,67,33,12,21,3,74,0,0,0,0,0,0,0,0,0,0,0,0,0,0,0
16408,Victor Gonzalez,NYY,27,2,1,0,0,0,2,3,1,23.1,13,10,3,13,3,11,0,0,0,0,0,0,0,0,0,0,0,0,0,0,0
19309,Trevor Richards,MIN,55,2,2,0,0,0,1,7,3,65.1,44,33,7,35,2,62,0,0,0,0,0,0,0,0,0,0,0,0,0,0,0
21267,Jake Bird,COL,35,2,2,0,0,0,1,4,2,40,43,20,5,25,4,31,0,0,0,0,0,0,0,0,0,0,0,0,0,0,0
20462,Bryan Sammons,DET,6,1,1,0,0,0,0,0,0,27.1,16,11,6,9,1,18,0,0,0,0,0,0,0,0,0,0,0,0,0,0,0
31204,Justin Wrobleski,LAD,8,1,2,0,0,0,1,0,0,36.1,34,23,9,16,1,26,0,0,0,0,0,0,0,0,0,0,0,0,0,0,0
18064,Phil Maton,NYM,71,3,3,0,0,0,3,18,2,64,47,26,7,24,9,60,0,0,0,0,0,0,0,0,0,0,0,0,0,0,0
18403,Enyel De Los Santos,CHW,64,1,2,0,0,0,2,8,2,64,65,37,17,25,5,66,0,0,0,0,0,0,0,0,0,0,0,0,0,0,0
19976,Tyson Miller,CHC,58,5,1,0,0,0,1,13,1,62,39,16,7,11,5,54,0,0,0,0,0,0,0,0,0,0,0,0,0,0,0
19360,Lucas Erceg,KCR,61,2,6,0,0,0,14,18,5,61.2,49,23,3,16,6,72,0,0,0,0,0,0,0,0,0,0,0,0,0,0,0
29950,Jordan Leasure,CHW,33,0,2,0,0,0,2,9,4,31.1,32,22,6,18,1,26,0,0,0,0,0,0,0,0,0,0,0,0,0,0,0
8048,Will Smith,KCR,45,0,4,0,0,0,1,8,1,41.1,45,30,7,15,3,29,0,0,0,0,0,0,0,0,0,0,0,0,0,0,0
15849,Kent Emanuel,MIA,12,0,0,0,0,0,0,0,0,17.2,20,13,4,7,3,12,0,0,0,0,0,0,0,0,0,0,0,0,0,0,0
13763,Dominic Leone,CHW,23,0,2,0,0,0,0,4,4,19,20,14,4,14,0,17,0,0,0,0,0,0,0,0,0,0,0,0,0,0,0
27691,Louie Varland,MIN,16,0,6,1,0,0,0,0,0,49.2,68,42,12,16,4,49,0,0,0,0,0,0,0,0,0,0,0,0,0,0,0
11804,Hector Neris,HOU,62,10,5,0,0,0,18,7,5,59.1,55,27,8,28,2,64,0,0,0,0,0,0,0,0,0,0,0,0,0,0,0
15290,Austin Pruitt,TEX,4,0,0,0,0,0,0,1,0,4.1,8,6,3,3,0,1,0,0,0,0,0,0,0,0,0,0,0,0,0,0,0
25651,Ty Adcock,NYM,3,0,0,0,0,0,0,1,0,4.1,7,7,4,2,0,3,0,0,0,0,0,0,0,0,0,0,0,0,0,0,0
25551,Isaiah Campbell,BOS,8,0,1,0,0,0,0,2,1,6.2,14,12,3,2,0,6,0,0,0,0,0,0,0,0,0,0,0,0,0,0,0
33527,Hurston Waldrep,ATL,2,0,1,0,0,0,0,0,0,7,9,13,3,8,1,3,0,0,0,0,0,0,0,0,0,0,0,0,0,0,0
19874,Alex Faedo,DET,37,5,3,0,0,0,0,7,3,57.1,49,23,9,28,3,55,0,0,0,0,0,0,0,0,0,0,0,0,0,0,0
17490,Genesis Cabrera,TOR,69,3,3,0,0,0,2,13,3,62.2,63,25,10,29,2,50,0,0,0,0,0,0,0,0,0,0,0,0,0,0,0
14295,Wandy Peralta,SDP,46,3,2,0,0,0,0,11,1,38.1,33,17,6,13,5,22,0,0,0,0,0,0,0,0,0,0,0,0,0,0,0
10314,Erasmo Ramirez,TBR,13,3,0,0,0,0,1,0,0,20.2,12,10,5,10,1,15,0,0,0,0,0,0,0,0,0,0,0,0,0,0,0
14986,Giovanny Gallegos,STL,21,2,1,0,0,0,1,2,0,20.2,24,15,6,10,0,21,0,0,0,0,0,0,0,0,0,0,0,0,0,0,0
26285,Tommy Henry,ARI,9,2,3,1,0,0,0,0,0,38.1,49,30,9,18,4,30,0,0,0,0,0,0,0,0,0,0,0,0,0,0,0
27753,Bailey Horn,BOS,18,1,1,0,0,0,0,2,2,18,22,13,5,10,0,13,0,0,0,0,0,0,0,0,0,0,0,0,0,0,0
13190,Jordan Weems,WSN,41,1,1,0,0,0,0,4,2,41.2,49,31,7,24,2,35,0,0,0,0,0,0,0,0,0,0,0,0,0,0,0
31508,Caden Dana,LAA,3,1,2,1,0,0,0,0,0,10.1,14,11,5,7,1,8,0,0,0,0,0,0,0,0,0,0,0,0,0,0,0
19588,Guillo Zuniga,LAA,15,0,0,0,0,0,2,0,0,17.2,16,10,5,8,1,12,0,0,0,0,0,0,0,0,0,0,0,0,0,0,0
6984,Luis Garcia,BOS,60,5,1,0,0,0,4,14,3,59,61,32,8,15,3,53,0,0,0,0,0,0,0,0,0,0,0,0,0,0,0
29833,Nick Nastrini,CHW,9,0,7,1,0,0,0,0,0,35.2,32,28,7,36,1,26,0,0,0,0,0,0,0,0,0,0,0,0,0,0,0
23460,Brandon Hughes,ARI,15,0,0,0,0,0,0,0,0,17.2,24,16,8,10,2,21,0,0,0,0,0,0,0,0,0,0,0,0,0,0,0
17735,Tyler Alexander,TBR,23,6,5,1,0,0,0,0,0,107.2,110,61,23,24,5,90,0,0,0,0,0,0,0,0,0,0,0,0,0,0,0
14361,Ty Blach,COL,20,3,8,2,0,0,0,0,1,71.1,103,55,17,18,6,36,0,0,0,0,0,0,0,0,0,0,0,0,0,0,0
27477,Bryce Jarvis,ARI,44,1,2,0,0,0,0,4,0,59.1,52,21,6,33,5,38,0,0,0,0,0,0,0,0,0,0,0,0,0,0,0
21863,George Soriano,MIA,22,1,1,0,0,0,1,2,3,29.1,27,22,7,13,4,29,0,0,0,0,0,0,0,0,0,0,0,0,0,0,0
19249,Seranthony Dominguez,BAL,63,3,4,0,0,0,11,6,2,58.2,52,29,12,21,2,68,0,0,0,0,0,0,0,0,0,0,0,0,0,0,0
20517,Nick Sandlin,CLE,68,8,0,0,0,0,1,8,3,57.2,46,24,12,27,6,68,0,0,0,0,0,0,0,0,0,0,0,0,0,0,0
27589,Logan Allen,CLE,20,8,5,5,0,0,0,0,0,97.1,113,62,22,41,4,79,0,0,0,0,0,0,0,0,0,0,0,0,0,0,0
1890,Matt Moore,LAA,51,5,3,0,0,0,1,10,1,48.1,39,27,11,26,2,41,0,0,0,0,0,0,0,0,0,0,0,0,0,0,0
16587,Erik Swanson,TOR,45,2,2,0,0,0,0,9,1,39.1,36,22,11,14,1,37,0,0,0,0,0,0,0,0,0,0,0,0,0,0,0
20185,Zach Pop,TOR,58,2,4,0,0,0,1,10,3,48.1,45,30,9,19,2,33,0,0,0,0,0,0,0,0,0,0,0,0,0,0,0
12763,Chris Devenski,TBR,19,2,1,0,0,0,0,0,2,26.2,28,20,9,14,0,24,0,0,0,0,0,0,0,0,0,0,0,0,0,0,0
21170,Dany Jimenez,OAK,25,1,3,0,0,0,1,5,2,25.2,21,14,6,19,1,25,0,0,0,0,0,0,0,0,0,0,0,0,0,0,0
20353,Steven Wilson,CHW,40,1,6,0,0,0,0,9,1,34.2,29,22,8,26,3,34,0,0,0,0,0,0,0,0,0,0,0,0,0,0,0
12056,Scott McGough,ARI,26,1,3,0,0,0,0,1,2,32.2,34,27,6,21,1,25,1,0,0,0,0,0,0,0,0,1,0,0,0,0,0
20206,Mike Baumann,- - -,57,3,1,0,0,0,0,9,3,58.1,59,36,9,28,4,58,0,0,0,0,0,0,0,0,0,0,0,0,0,0,0
23223,Michael Mercado,PHI,5,1,2,0,0,0,0,0,0,13,16,16,9,9,1,10,0,0,0,0,0,0,0,0,0,0,0,0,0,0,0
17639,Justin Lawrence,COL,56,4,4,0,0,0,2,5,4,59.2,73,43,9,33,7,45,0,0,0,0,0,0,0,0,0,0,0,0,0,0,0
5003,Jake Diekman,NYM,43,2,3,0,0,0,4,8,3,32,23,20,7,24,4,40,0,0,0,0,0,0,0,0,0,0,0,0,0,0,0
17859,Adbert Alzolay,CHC,18,1,4,0,0,0,4,1,5,17.1,19,9,6,6,1,13,0,0,0,0,0,0,0,0,0,0,0,0,0,0,0
27483,Bobby Miller,LAD,13,2,4,2,0,0,0,0,0,56,69,53,17,30,2,52,0,0,0,0,0,0,0,0,0,0,0,0,0,0,0
12760,Rafael Montero,HOU,41,1,2,0,0,0,0,10,3,38.1,35,20,8,19,3,23,0,0,0,0,0,0,0,0,0,0,0,0,0,0,0
6895,Chase Anderson,- - -,29,0,2,0,0,0,3,0,0,58.1,55,35,12,21,4,42,0,0,0,0,0,0,0,0,0,0,0,0,0,0,0
20546,Grant Anderson,TEX,23,0,1,0,0,0,1,1,1,26.2,33,24,11,10,1,29,0,0,0,0,0,0,0,0,0,0,0,0,0,0,0
18000,Triston McKenzie,CLE,16,3,5,3,0,0,0,0,0,75.2,69,43,19,49,1,74,0,0,0,0,0,0,0,0,0,0,0,0,0,0,0
11836,Taijuan Walker,PHI,19,3,7,2,0,0,0,0,0,83.2,107,66,24,37,3,58,0,0,0,0,0,0,0,0,0,0,0,0,0,0,0
25311,Roddery Munoz,MIA,18,2,7,0,0,0,0,0,0,82.2,89,60,26,42,5,70,0,0,0,0,0,0,0,0,0,0,0,0,0,0,0
15640,Aaron Judge,NYY,158,0,0,0,0,0,0,0,0,0,0,0,0,0,0,0,559,180,85,36,1,58,122,144,133,171,9,2,0,10,0
25764,Bobby Witt Jr.,KCR,161,0,0,0,0,0,0,0,0,0,0,0,0,0,0,0,636,211,123,45,11,32,125,109,57,106,8,8,0,31,12
19755,Shohei Ohtani,LAD,159,0,0,0,0,0,0,0,0,0,0,0,0,0,0,0,636,197,98,38,7,54,134,130,81,162,6,5,0,59,4
20123,Juan Soto,NYY,157,0,0,0,0,0,0,0,0,0,0,0,0,0,0,0,576,166,90,31,4,41,128,109,129,119,4,4,0,7,4
26289,Gunnar Henderson,BAL,159,0,0,0,0,0,0,0,0,0,0,0,0,0,0,0,630,177,102,31,7,37,118,92,78,159,7,4,0,21,4
12916,Francisco Lindor,NYM,152,0,0,0,0,0,0,0,0,0,0,0,0,0,0,0,618,169,96,39,1,33,107,91,56,127,12,3,0,29,4
24617,Jarren Duran,BOS,160,0,0,0,0,0,0,0,0,0,0,0,0,0,0,0,671,191,108,48,14,21,111,75,54,160,6,3,1,34,7
13510,Jose Ramirez,CLE,158,0,0,0,0,0,0,0,0,0,0,0,0,0,0,0,620,173,93,39,2,39,114,118,54,82,1,6,0,41,7
26668,Elly De La Cruz,CIN,160,0,0,0,0,0,0,0,0,0,0,0,0,0,0,0,618,160,89,36,10,25,105,76,69,218,6,1,2,67,16
13613,Ketel Marte,ARI,136,0,0,0,0,0,0,0,0,0,0,0,0,0,0,0,504,147,86,23,2,36,93,95,65,106,5,9,0,7,1
19611,Vladimir Guerrero Jr.,TOR,159,0,0,0,0,0,0,0,0,0,0,0,0,0,0,0,616,199,124,44,1,30,98,103,72,96,5,4,0,2,2
20503,William Contreras,MIL,155,0,0,0,0,0,0,0,0,0,0,0,0,0,0,0,595,167,105,37,2,23,99,92,78,139,3,3,0,9,2
16505,Matt Chapman,SFG,154,0,0,0,0,0,0,0,0,0,0,0,0,0,0,0,575,142,74,39,2,27,98,78,64,158,6,2,0,15,2
21534,Cal Raleigh,SEA,153,0,0,0,0,0,0,0,0,0,0,0,0,0,0,0,546,120,70,16,0,34,73,100,70,176,6,6,0,6,1
19556,Yordan Alvarez,HOU,147,0,0,0,0,0,0,0,0,0,0,0,0,0,0,0,552,170,99,34,2,35,88,86,69,95,10,4,0,6,0
29490,Jackson Merrill,SDP,156,0,0,0,0,0,0,0,0,0,0,0,0,0,0,0,554,162,101,31,6,24,77,90,29,101,1,5,4,16,3
11579,Bryce Harper,PHI,145,0,0,0,0,0,0,0,0,0,0,0,0,0,0,0,550,157,85,42,0,30,85,87,76,138,2,2,1,7,4
19627,Brent Rooker,OAK,145,0,0,0,0,0,0,0,0,0,0,0,0,0,0,0,546,160,93,26,2,39,82,112,59,177,5,4,0,11,3
15986,Willy Adames,MIL,161,0,0,0,0,0,0,0,0,0,0,0,0,0,0,0,610,153,88,33,0,32,93,112,74,173,1,3,0,21,4
10324,Marcell Ozuna,ATL,162,0,0,0,0,0,0,0,0,0,0,0,0,0,0,0,606,183,113,31,0,39,96,104,74,170,3,4,0,1,0
13624,Corey Seager,TEX,123,0,0,0,0,0,0,0,0,0,0,0,0,0,0,0,475,132,81,21,0,30,68,74,53,96,3,2,0,1,1
13611,Mookie Betts,LAD,116,0,0,0,0,0,0,0,0,0,0,0,0,0,0,0,450,130,82,24,5,19,75,75,61,57,1,4,0,16,2
14162,Carlos Correa,MIN,86,0,0,0,0,0,0,0,0,0,0,0,0,0,0,0,319,99,63,20,2,14,55,54,40,61,3,4,0,0,0
10815,Jurickson Profar,SDP,158,0,0,0,0,0,0,0,0,0,0,0,0,0,0,0,564,158,105,29,0,24,94,85,76,101,18,5,5,10,3
18314,Dansby Swanson,CHC,149,0,0,0,0,0,0,0,0,0,0,0,0,0,0,0,534,129,84,27,2,16,82,66,54,144,2,3,0,19,3
27478,Patrick Bailey,SFG,121,0,0,0,0,0,0,0,0,0,0,0,0,0,0,0,401,94,69,16,1,8,46,46,39,100,0,7,1,4,0
18345,Kyle Tucker,HOU,78,0,0,0,0,0,0,0,0,0,0,0,0,0,0,0,277,80,44,13,0,23,56,49,56,54,1,2,0,11,0
12533,Marcus Semien,TEX,159,0,0,0,0,0,0,0,0,0,0,0,0,0,0,0,650,154,102,27,2,23,101,74,64,105,3,1,0,8,3
17350,Rafael Devers,BOS,138,0,0,0,0,0,0,0,0,0,0,0,0,0,0,0,525,143,76,34,5,28,87,83,67,147,3,6,0,3,0
24610,Steven Kwan,CLE,122,0,0,0,0,0,0,0,0,0,0,0,0,0,0,0,480,140,107,16,3,14,83,44,53,51,5,0,2,12,5
17678,Alex Bregman,HOU,145,0,0,0,0,0,0,0,0,0,0,0,0,0,0,0,581,151,93,30,2,26,79,75,44,86,5,4,0,3,1
5361,Freddie Freeman,LAD,147,0,0,0,0,0,0,0,0,0,0,0,0,0,0,0,542,153,94,35,2,22,81,89,78,100,10,8,0,9,2
25976,Riley Greene,DET,137,0,0,0,0,0,0,0,0,0,0,0,0,0,0,0,512,134,77,27,6,24,82,74,64,156,5,2,0,4,2
29591,Colton Cowser,BAL,153,0,0,0,0,0,0,0,0,0,0,0,0,0,0,0,499,121,70,24,3,24,77,69,52,172,7,3,0,9,4
15551,Mark Leiter Jr.,NYY,60,4,5,0,0,0,0,15,3,58,55,29,8,22,3,86,0,0,0,0,0,0,0,0,0,0,0,0,0,0,0
25878,Corbin Carroll,ARI,158,0,0,0,0,0,0,0,0,0,0,0,0,0,0,0,589,136,78,22,14,22,121,74,73,130,10,9,3,35,8
16252,Trea Turner,PHI,121,0,0,0,0,0,0,0,0,0,0,0,0,0,0,0,505,149,103,25,0,21,88,62,27,98,6,1,0,19,4
28806,Jackson Chourio,MIL,148,0,0,0,0,0,0,0,0,0,0,0,0,0,0,0,528,145,91,29,4,21,80,79,39,121,3,2,1,22,7
5417,Jose Altuve,HOU,153,0,0,0,0,0,0,0,0,0,0,0,0,0,0,0,628,185,134,31,0,20,94,65,47,119,7,0,0,22,7
21479,Nico Hoerner,CHC,151,0,0,0,0,0,0,0,0,0,0,0,0,0,0,0,582,159,116,35,1,7,86,48,44,66,12,3,0,31,6
12552,Eugenio Suarez,ARI,158,0,0,0,0,0,0,0,0,0,0,0,0,0,0,0,571,146,86,28,2,30,90,101,49,176,9,11,0,2,1
23697,Julio Rodriguez,SEA,143,0,0,0,0,0,0,0,0,0,0,0,0,0,0,0,567,155,118,17,0,20,76,68,38,156,6,2,0,24,5
14161,Byron Buxton,MIN,102,0,0,0,0,0,0,0,0,0,0,0,0,0,0,0,355,99,51,27,3,18,62,56,20,99,11,2,0,7,2
25479,Brenton Doyle,COL,149,0,0,0,0,0,0,0,0,0,0,0,0,0,0,0,542,141,90,24,4,23,82,72,46,153,3,8,4,30,5
24064,Ezequiel Tovar,COL,157,0,0,0,0,0,0,0,0,0,0,0,0,0,0,0,655,176,101,45,4,26,83,78,23,200,4,7,5,6,5
11493,Manny Machado,SDP,152,0,0,0,0,0,0,0,0,0,0,0,0,0,0,0,593,163,104,30,0,29,77,105,45,124,1,4,0,11,2
17919,Ian Happ,CHC,153,0,0,0,0,0,0,0,0,0,0,0,0,0,0,0,569,138,77,34,2,25,89,86,80,168,6,2,0,13,2
27479,Masyn Winn,STL,150,0,0,0,0,0,0,0,0,0,0,0,0,0,0,0,587,157,105,32,5,15,85,57,41,109,1,5,3,11,5
30116,Seiya Suzuki,CHC,132,0,0,0,0,0,0,0,0,0,0,0,0,0,0,0,512,145,91,27,6,21,74,73,63,160,6,4,0,16,6
13066,Teoscar Hernandez,LAD,154,0,0,0,0,0,0,0,0,0,0,0,0,0,0,0,589,160,93,32,2,33,84,99,53,188,8,1,0,12,3
21618,Alec Bohm,PHI,143,0,0,0,0,0,0,0,0,0,0,0,0,0,0,0,554,155,94,44,2,15,62,97,40,86,6,6,0,5,2
21711,Oneil Cruz,PIT,146,0,0,0,0,0,0,0,0,0,0,0,0,0,0,0,541,140,82,34,3,21,72,76,51,181,3,4,0,22,1
31347,Zach Neto,LAA,155,0,0,0,0,0,0,0,0,0,0,0,0,0,0,0,542,135,77,34,1,23,70,77,39,140,16,1,4,30,10
16478,Kyle Schwarber,PHI,150,0,0,0,0,0,0,0,0,0,0,0,0,0,0,0,573,142,82,22,0,38,110,104,106,197,5,8,0,5,3
25376,Nick Mears,- - -,54,1,5,0,0,0,0,14,2,57.2,61,38,7,24,0,75,0,0,0,0,0,0,0,0,0,0,0,0,0,0,0
27562,Austin Wells,NYY,115,0,0,0,0,0,0,0,0,0,0,0,0,0,0,0,354,81,49,18,1,13,42,55,47,87,5,7,1,1,2
27647,Anthony Volpe,NYY,160,0,0,0,0,0,0,0,0,0,0,0,0,0,0,0,637,155,109,27,7,12,90,60,42,156,4,3,2,28,7
14551,Anthony Santander,BAL,155,0,0,0,0,0,0,0,0,0,0,0,0,0,0,0,595,140,69,25,2,44,91,102,58,129,7,5,0,2,0
22542,Lawrence Butler,OAK,125,0,0,0,0,0,0,0,0,0,0,0,0,0,0,0,412,108,60,24,2,22,63,57,35,108,0,4,0,18,0
19918,Daulton Varsho,TOR,136,0,0,0,0,0,0,0,0,0,0,0,0,0,0,0,459,98,52,21,7,18,73,58,48,137,4,1,1,10,2
19709,Fernando Tatis Jr.,SDP,102,0,0,0,0,0,0,0,0,0,0,0,0,0,0,0,398,110,67,21,1,21,64,49,32,96,7,1,0,11,3
7304,Salvador Perez,KCR,158,0,0,0,0,0,0,0,0,0,0,0,0,0,0,0,590,160,105,28,0,27,58,104,44,129,11,6,0,0,0
24679,Brendan Donovan,STL,153,0,0,0,0,0,0,0,0,0,0,0,0,0,0,0,587,163,112,34,3,14,65,73,47,81,13,5,0,5,5
12988,Andrew Chafin,TEX,62,4,3,0,0,0,1,12,3,56.1,52,22,5,31,1,70,0,0,0,0,0,0,0,0,0,0,0,0,0,0,0
23772,Wilyer Abreu,BOS,132,0,0,0,0,0,0,0,0,0,0,0,0,0,0,0,399,101,51,33,2,15,59,58,40,125,3,5,0,8,3
23003,Yainer Diaz,HOU,148,0,0,0,0,0,0,0,0,0,0,0,0,0,0,0,585,175,127,29,3,16,70,84,24,107,2,8,0,2,0
26368,J.J. Bleday,OAK,159,0,0,0,0,0,0,0,0,0,0,0,0,0,0,0,572,139,72,43,4,20,74,60,67,125,2,0,1,2,3
20391,Luis Garcia Jr.,WSN,140,0,0,0,0,0,0,0,0,0,0,0,0,0,0,0,500,141,97,25,1,18,58,70,27,86,0,1,0,22,5
25493,Joey Ortiz,MIL,142,0,0,0,0,0,0,0,0,0,0,0,0,0,0,0,440,105,63,25,6,11,58,60,56,103,6,6,3,11,6
9777,Nolan Arenado,STL,152,0,0,0,0,0,0,0,0,0,0,0,0,0,0,0,578,157,118,23,0,16,70,71,44,92,5,7,0,2,2
17338,Willi Castro,MIN,158,0,0,0,0,0,0,0,0,0,0,0,0,0,0,0,558,138,90,31,5,12,89,60,51,150,21,4,1,14,9
11477,Christian Yelich,MIL,73,0,0,0,0,0,0,0,0,0,0,0,0,0,0,0,270,85,59,12,3,11,44,42,40,58,2,1,1,21,1
11899,Joc Pederson,ARI,132,0,0,0,0,0,0,0,0,0,0,0,0,0,0,0,367,101,60,17,1,23,62,64,55,105,18,3,1,7,4
26208,Tyler Fitzgerald,SFG,96,0,0,0,0,0,0,0,0,0,0,0,0,0,0,0,314,88,52,19,2,15,53,34,22,108,4,1,0,17,4
13419,Christian Walker,ARI,130,0,0,0,0,0,0,0,0,0,0,0,0,0,0,0,479,120,68,26,0,26,72,84,55,133,10,8,0,2,2
17988,Tyler Stephenson,CIN,138,0,0,0,0,0,0,0,0,0,0,0,0,0,0,0,457,118,72,26,1,19,69,66,48,117,8,2,0,1,0
21622,Jake McCarthy,ARI,142,0,0,0,0,0,0,0,0,0,0,0,0,0,0,0,442,126,98,13,7,8,66,56,31,78,14,3,5,25,6
2396,Carlos Santana,MIN,150,0,0,0,0,0,0,0,0,0,0,0,0,0,0,0,521,124,75,26,0,23,63,71,65,99,6,2,0,4,0
22184,Mark Vientos,NYM,111,0,0,0,0,0,0,0,0,0,0,0,0,0,0,0,413,110,61,22,0,27,58,71,33,135,3,5,0,0,0
33333,Wyatt Langford,TEX,134,0,0,0,0,0,0,0,0,0,0,0,0,0,0,0,499,126,81,25,4,16,74,74,51,115,4,3,0,19,3
27815,Jordan Westburg,BAL,107,0,0,0,0,0,0,0,0,0,0,0,0,0,0,0,416,110,61,26,5,18,57,63,22,97,7,1,1,6,3
19566,Nathaniel Lowe,TEX,140,0,0,0,0,0,0,0,0,0,0,0,0,0,0,0,486,129,96,16,1,16,62,69,71,125,4,4,0,2,0
21523,Jonathan India,CIN,151,0,0,0,0,0,0,0,0,0,0,0,0,0,0,0,533,132,87,28,2,15,84,58,80,125,15,7,2,13,2
7802,Miguel Rojas,LAD,103,0,0,0,0,0,0,0,0,0,0,0,0,0,0,0,307,87,60,21,0,6,41,36,23,34,3,2,2,8,2
26396,Josh Smith,TEX,149,0,0,0,0,0,0,0,0,0,0,0,0,0,0,0,523,135,91,30,1,13,67,62,46,121,18,3,2,11,2
26288,Adley Rutschman,BAL,148,0,0,0,0,0,0,0,0,0,0,0,0,0,0,0,571,143,102,21,1,19,68,79,58,103,2,7,0,1,0
21636,Jeremy Pena,HOU,157,0,0,0,0,0,0,0,0,0,0,0,0,0,0,0,602,160,115,28,2,15,78,70,25,111,14,6,3,20,6
22581,Alejandro Kirk,TOR,103,0,0,0,0,0,0,0,0,0,0,0,0,0,0,0,340,86,61,19,1,5,23,54,35,51,2,9,0,0,0
19950,Andres Gimenez,CLE,152,0,0,0,0,0,0,0,0,0,0,0,0,0,0,0,583,147,115,22,1,9,64,63,26,97,15,6,3,30,5
19197,Will Smith,LAD,128,0,0,0,0,0,0,0,0,0,0,0,0,0,0,0,476,118,72,24,2,20,77,75,51,105,9,8,0,1,1
17548,Taylor Ward,LAA,156,0,0,0,0,0,0,0,0,0,0,0,0,0,0,0,585,144,91,26,2,25,73,75,63,163,7,8,0,6,4
12927,Brandon Nimmo,NYM,151,0,0,0,0,0,0,0,0,0,0,0,0,0,0,0,571,128,77,25,3,23,88,90,77,158,12,3,0,15,0
27769,Pete Crow-Armstrong,CHC,123,0,0,0,0,0,0,0,0,0,0,0,0,0,0,0,372,88,59,13,6,10,46,47,21,98,6,3,8,27,3
11609,Willson Contreras,STL,84,0,0,0,0,0,0,0,0,0,0,0,0,0,0,0,301,79,47,17,0,15,48,36,45,96,12,0,0,4,1
14344,Matt Olson,ATL,162,0,0,0,0,0,0,0,0,0,0,0,0,0,0,0,600,148,81,37,1,29,78,98,71,170,9,5,0,0,0
21558,Matt Vierling,DET,144,0,0,0,0,0,0,0,0,0,0,0,0,0,0,0,518,133,84,28,5,16,80,57,41,121,3,5,0,6,1
27506,Ha-seong Kim,SDP,121,0,0,0,0,0,0,0,0,0,0,0,0,0,0,0,403,94,64,16,3,11,60,47,58,77,2,3,4,22,5
29931,Jacob Young,WSN,150,0,0,0,0,0,0,0,0,0,0,0,0,0,0,0,468,120,92,24,1,3,75,36,30,102,12,2,9,33,10
15711,Tyler O'Neill,BOS,113,0,0,0,0,0,0,0,0,0,0,0,0,0,0,0,411,99,50,18,0,31,74,61,53,159,7,2,0,4,0
10231,Jose Iglesias,NYM,85,0,0,0,0,0,0,0,0,0,0,0,0,0,0,0,270,91,70,16,1,4,39,26,12,39,8,1,0,6,2
22664,Gabriel Moreno,ARI,97,0,0,0,0,0,0,0,0,0,0,0,0,0,0,0,305,81,57,18,1,5,39,45,41,52,2,3,0,3,1
19608,Otto Lopez,MIA,117,0,0,0,0,0,0,0,0,0,0,0,0,0,0,0,403,109,79,23,1,6,49,39,25,75,1,2,2,20,4
22186,Brice Turang,MIL,155,0,0,0,0,0,0,0,0,0,0,0,0,0,0,0,559,142,107,24,4,7,72,57,50,105,2,3,5,50,6
25961,Kerry Carpenter,DET,87,0,0,0,0,0,0,0,0,0,0,0,0,0,0,0,264,75,36,16,5,18,37,57,22,75,4,3,0,0,2
13301,Max Muncy,LAD,73,0,0,0,0,0,0,0,0,0,0,0,0,0,0,0,237,55,23,17,0,15,47,48,45,77,5,6,0,1,0
18360,Austin Riley,ATL,110,0,0,0,0,0,0,0,0,0,0,0,0,0,0,0,425,109,62,26,2,19,63,56,37,118,5,2,0,0,0
20202,Brandon Marsh,PHI,135,0,0,0,0,0,0,0,0,0,0,0,0,0,0,0,418,104,68,17,3,16,55,60,50,154,2,5,1,19,3
18042,Dylan Moore,SEA,135,0,0,0,0,0,0,0,0,0,0,0,0,0,0,0,368,74,37,23,4,10,53,42,53,123,14,5,1,32,6
22515,Heliot Ramos,SFG,121,0,0,0,0,0,0,0,0,0,0,0,0,0,0,0,475,128,80,23,3,22,54,72,37,135,2,4,0,6,1
19354,Luke Raley,SEA,137,0,0,0,0,0,0,0,0,0,0,0,0,0,0,0,404,98,55,19,2,22,58,58,27,135,20,2,2,11,2
18839,Josh Naylor,CLE,152,0,0,0,0,0,0,0,0,0,0,0,0,0,0,0,563,137,79,27,0,31,84,108,58,105,7,4,0,6,2
26319,Michael Busch,CHC,152,0,0,0,0,0,0,0,0,0,0,0,0,0,0,0,496,123,72,28,2,21,73,65,63,162,4,4,0,2,1
17929,Cedric Mullins,BAL,147,0,0,0,0,0,0,0,0,0,0,0,0,0,0,0,444,104,67,16,3,18,69,54,41,98,5,2,2,32,6
22266,Xavier Edwards,MIA,70,0,0,0,0,0,0,0,0,0,0,0,0,0,0,0,265,87,69,12,5,1,39,26,33,52,0,4,1,31,4
18882,Brandon Lowe,TBR,107,0,0,0,0,0,0,0,0,0,0,0,0,0,0,0,385,94,51,19,3,21,56,58,33,112,5,2,0,5,1
19238,Lourdes Gurriel Jr.,ARI,133,0,0,0,0,0,0,0,0,0,0,0,0,0,0,0,513,143,101,22,2,18,72,75,29,101,6,5,0,7,1
15998,Cody Bellinger,CHC,130,0,0,0,0,0,0,0,0,0,0,0,0,0,0,0,516,137,93,23,3,18,72,78,45,89,3,5,0,9,2
20352,Ernie Clement,TOR,139,0,0,0,0,0,0,0,0,0,0,0,0,0,0,0,434,114,78,21,3,12,48,51,11,41,3,2,2,12,3
19452,Jake Rogers,DET,102,0,0,0,0,0,0,0,0,0,0,0,0,0,0,0,310,61,34,16,1,10,43,36,22,99,3,2,0,1,0
26466,Matt Wallner,MIN,75,0,0,0,0,0,0,0,0,0,0,0,0,0,0,0,220,57,26,17,1,13,26,37,24,95,16,1,0,3,0
20599,Ivan Herrera,STL,72,0,0,0,0,0,0,0,0,0,0,0,0,0,0,0,229,69,51,12,1,5,37,27,25,53,2,2,0,5,0
19326,Bryan Reynolds,PIT,156,0,0,0,0,0,0,0,0,0,0,0,0,0,0,0,622,171,115,29,3,24,73,88,57,156,10,3,0,10,2
19251,Pete Alonso,NYM,162,0,0,0,0,0,0,0,0,0,0,0,0,0,0,0,608,146,81,31,0,34,91,88,70,172,13,4,0,3,0
23800,Parker Meadows,DET,82,0,0,0,0,0,0,0,0,0,0,0,0,0,0,0,270,66,39,12,6,9,39,28,25,76,1,1,1,9,4
18036,Jake Cronenworth,SDP,155,0,0,0,0,0,0,0,0,0,0,0,0,0,0,0,577,139,90,29,3,17,72,83,61,118,11,3,1,5,2
24729,Logan O'Hoppe,LAA,136,0,0,0,0,0,0,0,0,0,0,0,0,0,0,0,479,117,79,17,1,20,64,56,33,155,8,1,1,2,3
12784,Burch Smith,- - -,50,4,1,0,0,0,0,4,1,56.1,64,31,6,12,2,46,0,0,0,0,0,0,0,0,0,0,0,0,0,0,0
11739,J.T. Realmuto,PHI,99,0,0,0,0,0,0,0,0,0,0,0,0,0,0,0,380,101,68,18,1,14,50,47,27,102,5,1,0,2,2
25816,Shea Langeliers,OAK,137,0,0,0,0,0,0,0,0,0,0,0,0,0,0,0,482,108,59,18,2,29,58,80,41,145,5,6,0,4,2
25931,Michael Harris II,ATL,110,0,0,0,0,0,0,0,0,0,0,0,0,0,0,0,440,116,83,14,3,16,58,48,23,94,4,3,0,10,6
22799,Geraldo Perdomo,ARI,98,0,0,0,0,0,0,0,0,0,0,0,0,0,0,0,337,92,66,21,2,3,61,37,36,58,3,5,7,9,1
11368,Yasmani Grandal,PIT,72,0,0,0,0,0,0,0,0,0,0,0,0,0,0,0,215,49,30,10,0,9,26,27,24,46,0,1,3,1,0
12161,Xander Bogaerts,SDP,111,0,0,0,0,0,0,0,0,0,0,0,0,0,0,0,428,113,86,15,1,11,50,44,28,79,1,6,0,13,3
20308,Jake Meyers,HOU,148,0,0,0,0,0,0,0,0,0,0,0,0,0,0,0,461,101,65,20,3,13,51,61,35,117,10,4,3,11,3
26477,Spencer Horwitz,TOR,97,0,0,0,0,0,0,0,0,0,0,0,0,0,0,0,328,87,56,19,0,12,46,40,42,70,7,4,0,0,0
16578,Yandy Diaz,TBR,145,0,0,0,0,0,0,0,0,0,0,0,0,0,0,0,563,158,112,31,1,14,55,65,50,95,4,4,0,0,0
25768,CJ Abrams,WSN,138,0,0,0,0,0,0,0,0,0,0,0,0,0,0,0,541,133,78,29,6,20,79,65,40,128,16,4,1,31,12
14968,Victor Caratini,HOU,87,0,0,0,0,0,0,0,0,0,0,0,0,0,0,0,245,66,49,8,1,8,30,30,23,53,3,3,0,0,1
17022,Edmundo Sosa,PHI,90,0,0,0,0,0,0,0,0,0,0,0,0,0,0,0,249,64,41,12,4,7,39,31,13,66,8,2,1,7,1
15112,Ryan McMahon,COL,153,0,0,0,0,0,0,0,0,0,0,0,0,0,0,0,567,137,89,28,0,20,68,65,69,185,3,4,0,4,6
12777,John Brebbia,- - -,59,0,6,0,0,0,2,13,3,55.1,56,36,11,19,3,67,0,0,0,0,0,0,0,0,0,0,0,0,0,0,0
26121,Francisco Alvarez,NYM,100,0,0,0,0,0,0,0,0,0,0,0,0,0,0,0,308,73,46,14,2,11,39,47,30,86,2,2,0,1,1
21840,Freddy Fermin,KCR,111,0,0,0,0,0,0,0,0,0,0,0,0,0,0,0,339,92,72,14,0,6,40,36,23,66,2,3,1,2,0
26294,Bryson Stott,PHI,148,0,0,0,0,0,0,0,0,0,0,0,0,0,0,0,506,124,92,19,2,11,65,57,53,93,3,9,0,32,3
19734,Josh Rojas,SEA,143,0,0,0,0,0,0,0,0,0,0,0,0,0,0,0,422,95,66,19,2,8,48,31,46,108,3,2,1,10,4
23401,Jose Caballero,TBR,139,0,0,0,0,0,0,0,0,0,0,0,0,0,0,0,441,100,66,24,1,9,53,44,27,133,9,3,3,44,16
17452,Jose Siri,TBR,130,0,0,0,0,0,0,0,0,0,0,0,0,0,0,0,402,75,40,16,1,18,50,47,31,170,7,4,2,14,7
27555,Garrett Mitchell,MIL,69,0,0,0,0,0,0,0,0,0,0,0,0,0,0,0,196,50,27,12,3,8,33,21,25,71,1,0,2,11,4
7739,Travis d'Arnaud,ATL,99,0,0,0,0,0,0,0,0,0,0,0,0,0,0,0,307,73,42,16,0,15,40,48,24,89,6,4,0,1,0
27899,Colt Keith,DET,148,0,0,0,0,0,0,0,0,0,0,0,0,0,0,0,516,134,102,15,4,13,54,61,36,110,2,2,0,7,1
15947,Ryne Stanek,NYM,63,7,3,0,0,0,7,17,4,55.1,48,30,8,25,3,67,0,0,0,0,0,0,0,0,0,0,0,0,0,0,0
24934,David Fry,CLE,122,0,0,0,0,0,0,0,0,0,0,0,0,0,0,0,335,88,55,18,1,14,44,51,42,84,9,4,0,4,1
16442,Ryan O'Hearn,BAL,142,0,0,0,0,0,0,0,0,0,0,0,0,0,0,0,443,117,78,21,3,15,60,59,46,69,2,3,0,3,1
21454,Lars Nootbaar,STL,109,0,0,0,0,0,0,0,0,0,0,0,0,0,0,0,348,85,52,18,3,12,39,45,52,79,1,3,1,7,3
24618,Ryan Jeffers,MIN,122,0,0,0,0,0,0,0,0,0,0,0,0,0,0,0,412,93,50,22,0,21,56,64,32,94,14,6,1,3,0
16997,Gleyber Torres,NYY,154,0,0,0,0,0,0,0,0,0,0,0,0,0,0,0,587,151,110,26,0,15,80,63,65,136,3,8,2,4,3
14542,Carlos Estevez,PHI,54,4,5,0,0,0,26,0,5,55,38,15,5,12,1,50,0,0,0,0,0,0,0,0,0,0,0,0,0,0,0
27531,David Hamilton,BOS,98,0,0,0,0,0,0,0,0,0,0,0,0,0,0,0,294,73,47,17,1,8,47,28,22,80,1,0,0,33,4
5517,Kyle Higashioka,SDP,84,0,0,0,0,0,0,0,0,0,0,0,0,0,0,0,246,54,26,10,1,17,29,45,15,74,0,1,1,2,0
19921,Blake Perkins,MIL,121,0,0,0,0,0,0,0,0,0,0,0,0,0,0,0,383,92,71,13,2,6,54,43,42,108,3,6,0,23,5
16725,Jose Trevino,NYY,74,0,0,0,0,0,0,0,0,0,0,0,0,0,0,0,209,45,32,5,0,8,26,28,20,41,2,2,1,1,0
15491,J.P. Crawford,SEA,105,0,0,0,0,0,0,0,0,0,0,0,0,0,0,0,392,79,52,16,2,9,55,37,52,102,6,1,0,5,0
21865,Bo Naylor,CLE,123,0,0,0,0,0,0,0,0,0,0,0,0,0,0,0,354,71,46,10,2,13,39,39,29,122,2,2,2,6,3
10243,Randal Grichuk,ARI,106,0,0,0,0,0,0,0,0,0,0,0,0,0,0,0,254,74,40,20,2,12,40,46,20,46,3,2,0,0,0
21501,Trevor Larnach,MIN,112,0,0,0,0,0,0,0,0,0,0,0,0,0,0,0,355,92,60,17,0,15,59,52,40,89,3,2,0,4,1
27676,Vinnie Pasquantino,KCR,131,0,0,0,0,0,0,0,0,0,0,0,0,0,0,0,496,130,79,30,2,19,64,97,40,71,4,13,1,1,0
27684,Michael Massey,KCR,100,0,0,0,0,0,0,0,0,0,0,0,0,0,0,0,332,86,53,17,2,14,45,45,15,56,3,4,2,1,0
14854,Mike Yastrzemski,SFG,140,0,0,0,0,0,0,0,0,0,0,0,0,0,0,0,428,99,56,16,9,18,60,57,38,124,6,1,1,3,2
18373,Ryan Mountcastle,BAL,124,0,0,0,0,0,0,0,0,0,0,0,0,0,0,0,473,128,83,30,2,13,54,63,27,114,1,6,0,3,0
19955,Gavin Lux,LAD,139,0,0,0,0,0,0,0,0,0,0,0,0,0,0,0,439,110,74,24,2,10,59,50,44,110,2,2,0,5,2
29622,Sal Frelick,MIL,145,0,0,0,0,0,0,0,0,0,0,0,0,0,0,0,475,123,95,22,4,2,66,32,39,78,4,1,2,18,3
19858,Luis Rengifo,LAA,78,0,0,0,0,0,0,0,0,0,0,0,0,0,0,0,283,85,65,13,1,6,41,30,16,44,4,0,1,24,7
22275,Jake Burger,MIA,137,0,0,0,0,0,0,0,0,0,0,0,0,0,0,0,535,134,81,23,1,29,68,76,31,150,9,4,0,1,1
19913,Jesus Sanchez,MIA,149,0,0,0,0,0,0,0,0,0,0,0,0,0,0,0,489,123,79,25,1,18,60,64,41,140,4,2,1,16,2
17696,Kevin Newman,ARI,111,0,0,0,0,0,0,0,0,0,0,0,0,0,0,0,288,80,59,17,1,3,41,28,15,48,0,2,6,8,1
21614,Kyle Isbel,KCR,136,0,0,0,0,0,0,0,0,0,0,0,0,0,0,0,384,88,59,13,8,8,62,42,27,88,5,2,8,11,2
29766,Zack Gelof,OAK,138,0,0,0,0,0,0,0,0,0,0,0,0,0,0,0,497,105,66,20,2,17,60,49,38,188,4,5,3,25,3
20287,Ben Rortvedt,TBR,112,0,0,0,0,0,0,0,0,0,0,0,0,0,0,0,290,66,50,13,0,3,27,31,34,88,4,0,0,1,0
21524,Joey Bart,PIT,80,0,0,0,0,0,0,0,0,0,0,0,0,0,0,0,253,67,43,11,0,13,38,45,22,73,6,1,0,0,0
19349,Caleb Ferguson,HOU,62,1,4,0,0,0,1,11,2,54.1,56,28,6,25,4,67,0,0,0,0,0,0,0,0,0,0,0,0,0,0,0
18126,LaMonte Wade Jr.,SFG,117,0,0,0,0,0,0,0,0,0,0,0,0,0,0,0,331,86,62,16,0,8,45,34,62,90,4,3,1,2,1
16376,Michael Conforto,SFG,130,0,0,0,0,0,0,0,0,0,0,0,0,0,0,0,438,104,54,27,3,20,56,66,42,118,5,3,0,0,1
26323,Spencer Steer,CIN,158,0,0,0,0,0,0,0,0,0,0,0,0,0,0,0,574,129,71,34,4,20,74,92,72,137,8,2,0,25,3
24816,Andy Pages,LAD,116,0,0,0,0,0,0,0,0,0,0,0,0,0,0,0,403,100,63,23,1,13,65,46,29,108,6,4,0,1,2
26304,Bryan Hoeing,SDP,34,2,3,0,0,0,0,4,0,53.2,43,13,4,14,0,43,0,0,0,0,0,0,0,0,0,0,0,0,0,0,0
27490,Nick Gonzales,PIT,94,0,0,0,0,0,0,0,0,0,0,0,0,0,0,0,359,97,68,19,3,7,42,49,18,74,5,4,1,5,3
16556,Ozzie Albies,ATL,99,0,0,0,0,0,0,0,0,0,0,0,0,0,0,0,399,100,60,29,1,10,52,53,27,65,5,4,0,8,1
15362,Jeff McNeil,NYM,129,0,0,0,0,0,0,0,0,0,0,0,0,0,0,0,424,101,63,26,0,12,57,44,35,68,9,3,1,5,1
24589,Richie Palacios,TBR,92,0,0,0,0,0,0,0,0,0,0,0,0,0,0,0,264,59,45,8,1,5,46,21,45,67,5,1,0,19,1
18030,Harrison Bader,NYM,143,0,0,0,0,0,0,0,0,0,0,0,0,0,0,0,402,95,64,19,0,12,57,51,21,95,8,6,0,17,8
24488,Max Schuemann,OAK,133,0,0,0,0,0,0,0,0,0,0,0,0,0,0,0,396,87,66,14,0,7,55,34,47,119,7,4,5,14,1
19296,Alex Call,WSN,30,0,0,0,0,0,0,0,0,0,0,0,0,0,0,0,99,34,22,9,0,3,15,14,12,19,2,0,0,5,1
13770,Rob Refsnyder,BOS,93,0,0,0,0,0,0,0,0,0,0,0,0,0,0,0,272,77,49,16,1,11,32,40,28,78,5,1,0,2,2
29518,James Wood,WSN,79,0,0,0,0,0,0,0,0,0,0,0,0,0,0,0,295,78,52,13,4,9,43,41,39,97,2,0,0,14,8
20437,Royce Lewis,MIN,82,0,0,0,0,0,0,0,0,0,0,0,0,0,0,0,292,68,36,16,0,16,40,47,28,74,0,5,0,0,0
19677,Gregory Soto,BAL,66,3,5,0,0,0,2,11,2,53,56,26,4,27,8,65,0,0,0,0,0,0,0,0,0,0,0,0,0,0,0
13675,Tyrone Taylor,NYM,130,0,0,0,0,0,0,0,0,0,0,0,0,0,0,0,319,79,47,22,3,7,47,35,19,80,5,1,1,11,2
12856,George Springer,TOR,145,0,0,0,0,0,0,0,0,0,0,0,0,0,0,0,545,120,79,19,3,19,74,56,60,115,6,2,0,16,1
16530,Mauricio Dubon,HOU,137,0,0,0,0,0,0,0,0,0,0,0,0,0,0,0,402,108,79,25,0,4,45,47,16,55,2,5,3,3,2
24336,Johan Rojas,PHI,120,0,0,0,0,0,0,0,0,0,0,0,0,0,0,0,338,82,64,12,3,3,47,32,13,69,4,0,8,25,4
14527,Jorge Lopez,CHC,52,2,3,0,0,0,4,10,1,53,46,17,6,19,2,50,0,0,0,0,0,0,0,0,0,0,0,0,0,0,0
20538,Jose Miranda,MIN,121,0,0,0,0,0,0,0,0,0,0,0,0,0,0,0,401,114,73,28,4,9,44,49,18,66,6,4,0,2,2
19896,Connor Wong,BOS,126,0,0,0,0,0,0,0,0,0,0,0,0,0,0,0,447,125,87,24,1,13,54,52,28,114,9,2,1,8,7
11752,Luke Jackson,ATL,52,4,3,0,0,0,0,3,3,53,52,30,7,26,2,59,0,0,0,0,0,0,0,0,0,0,0,0,0,0,0
9218,Paul Goldschmidt,STL,154,0,0,0,0,0,0,0,0,0,0,0,0,0,0,0,599,147,91,33,1,22,70,65,47,173,2,2,0,11,0
18900,Leody Taveras,TEX,151,0,0,0,0,0,0,0,0,0,0,0,0,0,0,0,480,110,78,17,3,12,59,44,42,112,0,4,3,23,6
23690,Brayan Rocchio,CLE,143,0,0,0,0,0,0,0,0,0,0,0,0,0,0,0,383,79,53,18,0,8,50,36,44,90,8,5,2,10,6
19392,Zach McKinstry,DET,118,0,0,0,0,0,0,0,0,0,0,0,0,0,0,0,297,64,41,14,5,4,32,23,24,69,2,2,0,16,0
22715,Maikel Garcia,KCR,157,0,0,0,0,0,0,0,0,0,0,0,0,0,0,0,575,133,94,27,5,7,84,58,42,103,0,5,4,37,2
22557,Michael Siani,STL,124,0,0,0,0,0,0,0,0,0,0,0,0,0,0,0,298,68,57,7,2,2,42,20,21,92,3,1,11,20,3
10155,Mike Trout,LAA,29,0,0,0,0,0,0,0,0,0,0,0,0,0,0,0,109,24,11,1,2,10,17,14,16,27,1,0,0,6,1
24703,Jonah Bride,MIA,71,0,0,0,0,0,0,0,0,0,0,0,0,0,0,0,232,64,43,10,0,11,30,39,30,55,3,7,0,0,1
15274,Mike Tauchman,CHC,109,0,0,0,0,0,0,0,0,0,0,0,0,0,0,0,298,74,54,12,1,7,50,29,47,70,4,1,0,6,2
18401,Ronald Acuna Jr.,ATL,49,0,0,0,0,0,0,0,0,0,0,0,0,0,0,0,192,48,35,8,1,4,38,15,27,53,3,0,0,16,3
19953,Josh Lowe,TBR,106,0,0,0,0,0,0,0,0,0,0,0,0,0,0,0,353,85,54,19,2,10,37,34,32,123,0,2,0,25,1
6107,Huascar Brazoban,NYM,39,1,3,0,0,0,0,5,5,51.2,38,22,2,25,3,51,0,0,0,0,0,0,0,0,0,0,0,0,0,0,0
22857,Wenceel Perez,DET,112,0,0,0,0,0,0,0,0,0,0,0,0,0,0,0,389,94,63,16,6,9,51,37,32,92,1,1,2,9,5
12144,Max Kepler,MIN,105,0,0,0,0,0,0,0,0,0,0,0,0,0,0,0,368,93,63,21,1,8,43,42,22,80,5,3,0,1,0
19892,Pavin Smith,ARI,60,0,0,0,0,0,0,0,0,0,0,0,0,0,0,0,137,37,17,11,0,9,26,36,18,31,0,3,0,1,0
13723,Jacob Stallings,COL,82,0,0,0,0,0,0,0,0,0,0,0,0,0,0,0,243,64,37,17,1,9,31,36,27,65,9,1,1,0,0
15507,Hunter Harvey,KCR,49,2,4,0,0,0,1,28,3,50.2,51,25,5,16,5,55,0,0,0,0,0,0,0,0,0,0,0,0,0,0,0
18795,Ramon Urias,BAL,100,0,0,0,0,0,0,0,0,0,0,0,0,0,0,0,272,69,47,9,2,11,39,37,23,55,5,1,0,1,1
19260,Jake Fraley,CIN,116,0,0,0,0,0,0,0,0,0,0,0,0,0,0,0,350,97,71,19,2,5,44,26,26,70,3,3,0,20,5
19470,Tommy Edman,LAD,37,0,0,0,0,0,0,0,0,0,0,0,0,0,0,0,139,33,21,5,1,6,20,20,11,30,1,2,0,6,0
24262,Ceddanne Rafaela,BOS,152,0,0,0,0,0,0,0,0,0,0,0,0,0,0,0,544,134,91,23,5,15,70,75,15,151,7,3,2,19,10
21707,Oswaldo Cabrera,NYY,109,0,0,0,0,0,0,0,0,0,0,0,0,0,0,0,299,74,55,11,0,8,47,36,21,63,1,3,2,4,2
26365,Jonny Deluca,TBR,107,0,0,0,0,0,0,0,0,0,0,0,0,0,0,0,332,72,50,12,4,6,29,31,24,77,4,0,2,16,6
19339,Nicky Lopez,CHW,124,0,0,0,0,0,0,0,0,0,0,0,0,0,0,0,398,96,80,12,3,1,40,21,37,67,4,0,6,5,7
4949,Giancarlo Stanton,NYY,114,0,0,0,0,0,0,0,0,0,0,0,0,0,0,0,417,97,50,20,0,27,49,72,38,143,2,2,0,0,0
31837,Masataka Yoshida,BOS,108,0,0,0,0,0,0,0,0,0,0,0,0,0,0,0,378,106,75,21,0,10,45,56,27,52,14,2,0,2,0
8623,Donovan Solano,SDP,96,0,0,0,0,0,0,0,0,0,0,0,0,0,0,0,283,81,60,13,0,8,31,35,22,65,3,1,0,2,1
17907,Brendan Rodgers,COL,135,0,0,0,0,0,0,0,0,0,0,0,0,0,0,0,501,134,91,29,1,13,67,54,31,132,4,2,1,1,0
25977,Quinn Priester,- - -,11,3,6,2,0,0,0,0,0,49.2,56,26,7,14,3,33,0,0,0,0,0,0,0,0,0,0,0,0,0,0,0
17273,Jorge Mateo,BAL,68,0,0,0,0,0,0,0,0,0,0,0,0,0,0,0,192,44,23,14,2,5,30,18,10,48,1,3,2,13,2
15905,Luis Torrens,NYM,48,0,0,0,0,0,0,0,0,0,0,0,0,0,0,0,118,27,16,8,0,3,14,15,9,28,2,1,0,0,1
18819,Andy Ibanez,DET,99,0,0,0,0,0,0,0,0,0,0,0,0,0,0,0,224,54,39,9,1,5,30,32,15,63,3,2,0,2,3
19352,Sean Murphy,ATL,72,0,0,0,0,0,0,0,0,0,0,0,0,0,0,0,233,45,29,5,1,10,19,25,27,67,3,1,0,0,0
13185,Orlando Arcia,ATL,157,0,0,0,0,0,0,0,0,0,0,0,0,0,0,0,551,120,79,24,0,17,50,46,41,128,2,7,1,2,0
9774,Christian Vazquez,MIN,93,0,0,0,0,0,0,0,0,0,0,0,0,0,0,0,294,65,48,10,0,7,29,27,11,65,1,4,5,3,1
27493,Rece Hinds,CIN,24,0,0,0,0,0,0,0,0,0,0,0,0,0,0,0,46,12,2,4,1,5,9,11,4,16,1,0,0,2,0
26548,Luisangel Acuna,NYM,14,0,0,0,0,0,0,0,0,0,0,0,0,0,0,0,39,12,6,2,1,3,6,6,1,6,0,0,0,0,1
29554,Adrian Del Castillo,ARI,25,0,0,0,0,0,0,0,0,0,0,0,0,0,0,0,80,25,16,5,0,4,12,19,7,28,0,0,0,1,1
18123,Nathan Lukes,TOR,22,0,0,0,0,0,0,0,0,0,0,0,0,0,0,0,76,23,16,4,2,1,13,10,10,9,0,3,2,1,0
17954,Sam Hilliard,COL,58,0,0,0,0,0,0,0,0,0,0,0,0,0,0,0,138,33,17,5,1,10,26,27,14,56,0,2,4,5,2
22054,Dane Myers,MIA,44,0,0,0,0,0,0,0,0,0,0,0,0,0,0,0,95,25,15,6,1,3,17,19,8,36,3,2,0,4,1
33189,Nolan Schanuel,LAA,147,0,0,0,0,0,0,0,0,0,0,0,0,0,0,0,519,130,98,19,0,13,62,54,68,103,9,7,3,10,1
10472,Enrique Hernandez,LAD,126,0,0,0,0,0,0,0,0,0,0,0,0,0,0,0,362,83,55,16,0,12,44,42,27,77,0,3,1,0,0
13470,Lucas Sims,- - -,58,1,6,0,0,0,1,16,4,49.1,41,24,8,30,2,49,0,0,0,0,0,0,0,0,0,0,0,0,0,0,0
21693,Miguel Amaya,CHC,117,0,0,0,0,0,0,0,0,0,0,0,0,0,0,0,328,76,53,13,2,8,32,47,23,62,4,3,5,0,0
19844,Abraham Toro,OAK,94,0,0,0,0,0,0,0,0,0,0,0,0,0,0,0,337,81,57,17,1,6,34,26,20,62,5,0,2,4,2
21646,Rafael Marchan,PHI,17,0,0,0,0,0,0,0,0,0,0,0,0,0,0,0,51,15,8,4,0,3,8,6,3,8,1,0,1,0,0
22514,Triston Casas,BOS,63,0,0,0,0,0,0,0,0,0,0,0,0,0,0,0,212,51,30,8,0,13,28,32,30,77,1,0,0,0,1
29634,Will Wagner,TOR,24,0,0,0,0,0,0,0,0,0,0,0,0,0,0,0,82,25,17,6,0,2,8,11,4,16,0,0,0,0,0
24257,Jhonkensy Noel,CLE,67,0,0,0,0,0,0,0,0,0,0,0,0,0,0,0,179,39,18,7,1,13,25,28,13,63,5,1,0,0,0
27615,Alec Burleson,STL,152,0,0,0,0,0,0,0,0,0,0,0,0,0,0,0,547,147,106,20,0,21,71,78,35,76,4,6,1,9,4
12564,Trevor Story,BOS,26,0,0,0,0,0,0,0,0,0,0,0,0,0,0,0,94,24,15,7,0,2,8,10,11,33,1,0,0,6,3
6184,J.D. Martinez,NYM,120,0,0,0,0,0,0,0,0,0,0,0,0,0,0,0,434,102,61,24,1,16,46,69,49,141,6,2,0,0,0
28163,Junior Caminero,TBR,43,0,0,0,0,0,0,0,0,0,0,0,0,0,0,0,165,41,25,9,1,6,15,18,11,38,1,0,0,2,0
9241,Starling Marte,NYM,94,0,0,0,0,0,0,0,0,0,0,0,0,0,0,0,335,90,67,13,3,7,46,40,27,81,3,2,3,16,1
23782,Leo Jimenez,TOR,63,0,0,0,0,0,0,0,0,0,0,0,0,0,0,0,179,41,26,11,0,4,18,19,12,59,16,3,0,0,0
19444,Yohan Ramirez,- - -,38,0,5,0,0,0,1,1,2,45,49,31,4,17,12,45,0,0,0,0,0,0,0,0,0,0,0,0,0,0,0
17027,Alex Verdugo,NYY,149,0,0,0,0,0,0,0,0,0,0,0,0,0,0,0,559,130,88,28,1,13,74,61,49,93,1,10,2,2,1
21538,Nick Fortes,MIA,110,0,0,0,0,0,0,0,0,0,0,0,0,0,0,0,308,70,50,16,0,4,28,29,11,41,4,5,7,0,1
9847,Andrew McCutchen,PIT,120,0,0,0,0,0,0,0,0,0,0,0,0,0,0,0,448,104,65,18,1,20,66,50,58,133,7,2,0,3,2
19779,Dairon Blanco,KCR,88,0,0,0,0,0,0,0,0,0,0,0,0,0,0,0,120,31,23,4,0,4,37,13,8,32,1,1,1,31,7
25660,Will Brennan,CLE,114,0,0,0,0,0,0,0,0,0,0,0,0,0,0,0,330,87,64,13,2,8,37,30,19,48,3,1,0,4,2
17464,Jonathan Hernandez,- - -,29,3,1,0,0,0,0,0,2,43.1,41,26,6,28,1,39,0,0,0,0,0,0,0,0,0,0,0,0,0,0,0
16572,Connor Joe,PIT,123,0,0,0,0,0,0,0,0,0,0,0,0,0,0,0,364,83,51,22,1,9,49,36,44,91,6,2,0,2,2
22558,Jarred Kelenic,ATL,131,0,0,0,0,0,0,0,0,0,0,0,0,0,0,0,412,95,60,18,2,15,49,45,32,133,1,3,1,7,2
18564,Trent Grisham,NYY,76,0,0,0,0,0,0,0,0,0,0,0,0,0,0,0,179,34,17,8,0,9,21,31,22,57,4,2,1,1,1
25595,Xzavion Curry,- - -,16,2,2,0,0,0,0,1,0,42.2,38,22,8,7,0,28,0,0,0,0,0,0,0,0,0,0,0,0,0,0,0
25782,Pedro Pages,STL,68,0,0,0,0,0,0,0,0,0,0,0,0,0,0,0,202,48,36,3,2,7,19,27,13,58,0,2,1,2,0
20043,Luis Robert Jr.,CHW,100,0,0,0,0,0,0,0,0,0,0,0,0,0,0,0,393,88,55,19,0,14,47,35,28,141,2,1,0,23,6
14813,Kyle Farmer,MIN,107,0,0,0,0,0,0,0,0,0,0,0,0,0,0,0,215,46,27,13,1,5,26,25,19,49,6,2,0,3,5
33541,Dylan Crews,WSN,31,0,0,0,0,0,0,0,0,0,0,0,0,0,0,0,119,26,17,5,1,3,12,8,11,26,1,1,0,12,3
12158,Austin Barnes,LAD,54,0,0,0,0,0,0,0,0,0,0,0,0,0,0,0,140,37,33,3,0,1,12,11,14,36,0,0,2,3,0
26123,Brett Baty,NYM,50,0,0,0,0,0,0,0,0,0,0,0,0,0,0,0,153,35,28,3,0,4,15,16,16,42,1,0,1,0,0
27735,Brett Wisely,SFG,91,0,0,0,0,0,0,0,0,0,0,0,0,0,0,0,252,60,42,13,1,4,25,31,13,65,2,3,2,2,3
19262,Garrett Hampson,KCR,113,0,0,0,0,0,0,0,0,0,0,0,0,0,0,0,213,49,35,13,1,0,16,16,14,59,0,2,2,7,2
15042,Tim Mayza,- - -,50,0,2,0,0,0,0,8,1,42.2,54,30,5,15,1,28,0,0,0,0,0,0,0,0,0,0,0,0,0,0,0
15271,Austin Wynns,CIN,7,0,0,0,0,0,0,0,0,0,0,0,0,0,0,0,19,7,3,4,0,0,3,2,0,5,1,0,0,0,0
19358,Weston Wilson,PHI,41,0,0,0,0,0,0,0,0,0,0,0,0,0,0,0,88,25,14,7,1,3,13,10,8,29,1,1,0,3,0
19964,Eguy Rosario,SDP,30,0,0,0,0,0,0,0,0,0,0,0,0,0,0,0,53,13,4,6,0,3,5,6,2,20,1,0,1,0,0
21587,Cesar Salazar,HOU,12,0,0,0,0,0,0,0,0,0,0,0,0,0,0,0,25,8,6,2,0,0,5,8,2,6,2,2,1,0,0
21626,Griffin Conine,MIA,30,0,0,0,0,0,0,0,0,0,0,0,0,0,0,0,82,22,14,4,1,3,14,12,6,28,1,0,0,0,0
25845,Michael Toglia,COL,116,0,0,0,0,0,0,0,0,0,0,0,0,0,0,0,399,87,45,14,3,25,62,55,54,147,1,3,0,10,1
18400,Juan Yepez,WSN,62,0,0,0,0,0,0,0,0,0,0,0,0,0,0,0,226,64,43,15,0,6,32,26,18,42,1,3,1,2,1
27577,Casey Schmitt,SFG,40,0,0,0,0,0,0,0,0,0,0,0,0,0,0,0,107,27,16,4,1,6,11,16,4,25,1,1,0,0,0
2136,David Peralta,SDP,91,0,0,0,0,0,0,0,0,0,0,0,0,0,0,0,236,63,44,11,0,8,35,28,22,54,2,0,0,2,0
21837,Jonathan Aranda,TBR,44,0,0,0,0,0,0,0,0,0,0,0,0,0,0,0,128,30,17,7,0,6,22,14,12,32,2,1,0,0,0
15878,Miguel Andujar,OAK,75,0,0,0,0,0,0,0,0,0,0,0,0,0,0,0,302,86,67,14,1,4,31,30,13,42,3,1,0,3,2
29547,Ryan Bliss,SEA,33,0,0,0,0,0,0,0,0,0,0,0,0,0,0,0,63,14,8,3,1,2,10,9,5,22,1,0,2,5,3
20038,Darren McCaughan,- - -,12,0,0,0,0,0,2,0,0,42,53,29,9,15,6,28,0,0,0,0,0,0,0,0,0,0,0,0,0,0,0
29575,Trey Sweeney,DET,36,0,0,0,0,0,0,0,0,0,0,0,0,0,0,0,110,24,15,5,0,4,11,17,7,32,1,1,0,2,0
25979,Nasim Nunez,WSN,51,0,0,0,0,0,0,0,0,0,0,0,0,0,0,0,61,15,14,1,0,0,14,1,12,15,0,0,5,8,2
15734,Brad Keller,- - -,16,0,4,0,0,0,1,0,0,41.1,48,25,9,15,2,32,0,0,0,0,0,0,0,0,0,0,0,0,0,0,0
23565,Davis Schneider,TOR,135,0,0,0,0,0,0,0,0,0,0,0,0,0,0,0,397,76,43,19,1,13,48,46,47,144,5,5,0,6,0
25807,Jared Triolo,PIT,125,0,0,0,0,0,0,0,0,0,0,0,0,0,0,0,394,85,65,10,1,9,41,46,42,118,5,5,0,8,1
16426,Thairo Estrada,SFG,96,0,0,0,0,0,0,0,0,0,0,0,0,0,0,0,364,79,53,15,2,9,43,47,10,76,5,2,0,2,2
18067,Garrett Stubbs,PHI,56,0,0,0,0,0,0,0,0,0,0,0,0,0,0,0,164,34,28,4,1,1,18,11,17,50,4,1,0,5,0
22766,Steward Berroa,TOR,28,0,0,0,0,0,0,0,0,0,0,0,0,0,0,0,37,7,6,1,0,0,7,1,8,14,0,0,0,6,2
11489,Michael A. Taylor,PIT,113,0,0,0,0,0,0,0,0,0,0,0,0,0,0,0,269,52,37,9,1,5,35,21,23,105,0,4,4,12,1
12976,Austin Hedges,CLE,66,0,0,0,0,0,0,0,0,0,0,0,0,0,0,0,132,20,15,3,0,2,12,15,6,50,3,2,3,2,0
19273,Stone Garrett,WSN,2,0,0,0,0,0,0,0,0,0,0,0,0,0,0,0,5,3,1,1,0,1,2,3,1,0,0,0,0,0,0
19346,Eli White,ATL,35,0,0,0,0,0,0,0,0,0,0,0,0,0,0,0,39,11,8,1,1,1,9,4,1,12,2,0,0,3,1
17232,Yoan Moncada,CHW,12,0,0,0,0,0,0,0,0,0,0,0,0,0,0,0,40,11,7,3,1,0,4,0,5,11,0,0,0,1,0
25425,Austin Shenton,TBR,19,0,0,0,0,0,0,0,0,0,0,0,0,0,0,0,42,9,3,5,0,1,3,3,8,14,0,0,0,0,0
31166,Heston Kjerstad,BAL,39,0,0,0,0,0,0,0,0,0,0,0,0,0,0,0,99,25,19,2,0,4,8,14,10,33,5,0,0,1,0
27467,Tyler Soderstrom,OAK,61,0,0,0,0,0,0,0,0,0,0,0,0,0,0,0,189,44,25,10,0,9,18,26,20,53,3,1,0,0,0
11737,Nick Castellanos,PHI,162,0,0,0,0,0,0,0,0,0,0,0,0,0,0,0,606,154,97,30,4,23,80,86,41,139,10,2,0,6,2
14593,David Bote,CHC,37,0,0,0,0,0,0,0,0,0,0,0,0,0,0,0,46,14,10,4,0,0,4,6,2,13,0,0,0,0,0
26299,Josh Jung,TEX,46,0,0,0,0,0,0,0,0,0,0,0,0,0,0,0,178,47,34,5,1,7,19,16,8,48,1,1,0,4,0
11442,Gary Sanchez,MIL,89,0,0,0,0,0,0,0,0,0,0,0,0,0,0,0,245,54,35,7,1,11,30,37,27,76,5,3,0,0,0
16300,Jesus Tinoco,- - -,32,1,0,0,0,0,3,6,1,40.2,27,15,3,12,3,42,0,0,0,0,0,0,0,0,0,0,0,0,0,0,0
20054,Bligh Madris,DET,21,0,0,0,0,0,0,0,0,0,0,0,0,0,0,0,67,18,14,3,0,1,8,5,6,20,0,1,0,0,0
19788,Zach Remillard,CHW,15,0,0,0,0,0,0,0,0,0,0,0,0,0,0,0,33,8,6,1,1,0,3,1,5,10,0,0,1,1,0
29573,Billy Cook,PIT,16,0,0,0,0,0,0,0,0,0,0,0,0,0,0,0,49,11,6,2,0,3,5,8,0,19,0,0,0,1,0
25180,Daniel Schneemann,CLE,73,0,0,0,0,0,0,0,0,0,0,0,0,0,0,0,193,42,25,10,2,5,17,22,25,70,0,3,0,3,2
22263,Nolan Gorman,STL,107,0,0,0,0,0,0,0,0,0,0,0,0,0,0,0,365,74,40,15,0,19,42,50,34,151,1,2,0,6,1
12037,Jon Berti,NYY,25,0,0,0,0,0,0,0,0,0,0,0,0,0,0,0,66,18,17,0,0,1,10,6,6,14,1,0,1,5,1
13152,Jorge Polanco,SEA,118,0,0,0,0,0,0,0,0,0,0,0,0,0,0,0,417,89,62,11,0,16,43,45,46,137,4,2,0,4,2
25483,Nick Sogard,BOS,31,0,0,0,0,0,0,0,0,0,0,0,0,0,0,0,77,21,17,4,0,0,13,8,7,25,0,2,0,3,0
22532,Tyler Freeman,CLE,118,0,0,0,0,0,0,0,0,0,0,0,0,0,0,0,330,69,47,14,1,7,48,32,28,53,19,3,3,11,6
16953,Chadwick Tromp,ATL,19,0,0,0,0,0,0,0,0,0,0,0,0,0,0,0,52,13,7,6,0,0,3,6,1,17,0,1,0,0,0
25643,Drew Millas,WSN,20,0,0,0,0,0,0,0,0,0,0,0,0,0,0,0,57,14,12,1,0,1,7,1,5,16,0,0,0,4,0
19612,Bo Bichette,TOR,81,0,0,0,0,0,0,0,0,0,0,0,0,0,0,0,311,70,49,16,1,4,29,31,20,64,3,2,0,5,1
12095,Yimi Garcia,- - -,39,3,0,0,0,0,5,13,2,39,23,15,6,12,2,49,0,0,0,0,0,0,0,0,0,0,0,0,0,0,0
25705,Dustin Harris,TEX,2,0,0,0,0,0,0,0,0,0,0,0,0,0,0,0,6,2,0,1,0,1,1,3,1,2,0,0,0,0,0
29912,Darren Baker,WSN,9,0,0,0,0,0,0,0,0,0,0,0,0,0,0,0,14,7,5,2,0,0,1,0,0,3,0,0,0,0,0
14111,Eric Haase,MIL,30,0,0,0,0,0,0,0,0,0,0,0,0,0,0,0,66,18,12,1,0,5,10,14,3,28,0,0,0,0,0
22842,Alexander Canario,CHC,15,0,0,0,0,0,0,0,0,0,0,0,0,0,0,0,25,7,5,1,0,1,4,2,2,11,1,0,0,1,0
25805,Blake Sabol,SFG,11,0,0,0,0,0,0,0,0,0,0,0,0,0,0,0,32,10,8,2,0,0,3,1,5,9,1,0,0,0,0
21562,Romy Gonzalez,BOS,89,0,0,0,0,0,0,0,0,0,0,0,0,0,0,0,199,53,36,10,1,6,25,29,12,58,1,4,0,11,3
14510,Thyago Vieira,- - -,28,0,1,0,0,0,1,1,0,38,37,22,8,26,2,39,0,0,0,0,0,0,0,0,0,0,0,0,0,0,0
16622,Luis Urias,SEA,41,0,0,0,0,0,0,0,0,0,0,0,0,0,0,0,94,18,7,7,0,4,11,16,9,34,6,0,0,0,0
19522,TJ Friedl,CIN,85,0,0,0,0,0,0,0,0,0,0,0,0,0,0,0,297,67,48,5,1,13,35,55,26,52,12,4,2,9,1
25575,Kyle McCann,OAK,54,0,0,0,0,0,0,0,0,0,0,0,0,0,0,0,140,33,24,4,0,5,13,15,16,59,1,0,0,0,0
16466,Brent Honeywell,- - -,20,1,1,0,0,0,1,1,1,37.2,32,11,3,11,2,18,0,0,0,0,0,0,0,0,0,0,0,0,0,0,0
17796,Dillon Tate,- - -,33,2,1,0,0,0,1,3,1,36.2,42,19,2,12,4,27,0,0,0,0,0,0,0,0,0,0,0,0,0,0,0
12859,James McCann,BAL,66,0,0,0,0,0,0,0,0,0,0,0,0,0,0,0,214,50,33,9,0,8,27,31,13,56,2,4,0,1,0
20321,Stuart Fairchild,CIN,94,0,0,0,0,0,0,0,0,0,0,0,0,0,0,0,209,45,29,8,0,8,33,30,17,60,4,1,2,13,1
33824,Jung Hoo Lee,SFG,37,0,0,0,0,0,0,0,0,0,0,0,0,0,0,0,145,38,32,4,0,2,15,8,10,13,1,2,0,2,3
17040,Jose Herrera,ARI,42,0,0,0,0,0,0,0,0,0,0,0,0,0,0,0,97,22,16,4,1,1,11,13,9,27,0,1,7,0,0
13767,JT Chargois,- - -,36,3,1,0,0,0,0,2,2,36.1,24,9,6,13,2,30,0,0,0,0,0,0,0,0,0,0,0,0,0,0,0
15674,Reese McGuire,BOS,53,0,0,0,0,0,0,0,0,0,0,0,0,0,0,0,139,29,23,3,0,3,10,18,13,39,2,3,1,3,0
22232,Mason McCoy,SDP,19,0,0,0,0,0,0,0,0,0,0,0,0,0,0,0,49,10,8,2,0,0,7,3,5,19,0,0,3,1,0
20157,Matthew Batten,SDP,1,0,0,0,0,0,0,0,0,0,0,0,0,0,0,0,3,1,0,0,1,0,0,0,0,0,0,0,0,0,0
25448,Greg Jones,COL,6,0,0,0,0,0,0,0,0,0,0,0,0,0,0,0,5,1,0,0,0,1,1,1,1,4,0,0,0,0,0
19906,Diego Castillo,MIN,4,0,0,0,0,0,0,0,0,0,0,0,0,0,0,0,6,2,1,1,0,0,3,2,2,1,0,0,0,0,0
24605,Michael Helman,MIN,9,0,0,0,0,0,0,0,0,0,0,0,0,0,0,0,10,3,1,2,0,0,2,0,0,3,0,0,0,0,0
13836,Matt Duffy,TEX,4,0,0,0,0,0,0,0,0,0,0,0,0,0,0,0,7,2,2,0,0,0,2,0,2,1,1,0,0,0,0
22823,Oswald Peraza,NYY,4,0,0,0,0,0,0,0,0,0,0,0,0,0,0,0,10,2,1,0,0,1,2,1,1,3,0,0,0,0,0
23372,Hunter Feduccia,LAD,5,0,0,0,0,0,0,0,0,0,0,0,0,0,0,0,12,4,4,0,0,0,2,1,2,2,0,0,0,0,0
7859,Charlie Blackmon,COL,124,0,0,0,0,0,0,0,0,0,0,0,0,0,0,0,449,115,74,24,5,12,59,52,43,86,6,1,0,6,2
19806,Jason Delay,PIT,7,0,0,0,0,0,0,0,0,0,0,0,0,0,0,0,15,3,0,3,0,0,1,6,3,0,0,0,1,0,0
18674,Jake Woodford,- - -,9,0,6,1,0,0,0,0,0,35,48,31,6,9,3,26,0,0,0,0,0,0,0,0,0,0,0,0,0,0,0
16472,Rhys Hoskins,MIL,131,0,0,0,0,0,0,0,0,0,0,0,0,0,0,0,449,96,56,14,0,26,59,82,53,149,7,6,0,3,0
22411,Cal Stevenson,PHI,18,0,0,0,0,0,0,0,0,0,0,0,0,0,0,0,24,6,3,3,0,0,2,6,3,4,0,0,0,0,0
20572,Kody Clemens,PHI,44,0,0,0,0,0,0,0,0,0,0,0,0,0,0,0,114,25,10,9,1,5,17,18,5,29,1,0,0,0,0
21797,Andres Chaparro,WSN,33,0,0,0,0,0,0,0,0,0,0,0,0,0,0,0,121,26,10,12,0,4,12,15,7,24,4,0,0,1,1
19337,Richard Lovelady,- - -,35,3,6,0,0,0,2,4,2,34.1,34,17,3,11,2,26,0,0,0,0,0,0,0,0,0,0,0,0,0,0,0
18872,Jahmai Jones,NYY,33,0,0,0,0,0,0,0,0,0,0,0,0,0,0,0,42,10,7,1,1,1,8,4,2,16,2,0,1,1,1
17968,Brock Burke,- - -,34,2,1,0,0,0,0,1,1,34,37,22,4,16,2,41,0,0,0,0,0,0,0,0,0,0,0,0,0,0,0
20220,Jo Adell,LAA,130,0,0,0,0,0,0,0,0,0,0,0,0,0,0,0,405,84,47,15,2,20,54,62,35,126,7,3,0,15,10
19818,Joshua Palacios,PIT,23,0,0,0,0,0,0,0,0,0,0,0,0,0,0,0,67,15,11,2,0,2,10,9,10,12,1,0,0,1,0
27465,Spencer Torkelson,DET,92,0,0,0,0,0,0,0,0,0,0,0,0,0,0,0,342,75,43,21,1,10,45,37,33,105,4,1,0,0,0
31437,Jace Jung,DET,34,0,0,0,0,0,0,0,0,0,0,0,0,0,0,0,79,19,14,5,0,0,14,3,15,29,0,0,0,0,1
26438,Dominic Canzone,SEA,67,0,0,0,0,0,0,0,0,0,0,0,0,0,0,0,168,33,18,7,0,8,20,17,18,53,0,2,0,1,0
19956,Mickey Moniak,LAA,124,0,0,0,0,0,0,0,0,0,0,0,0,0,0,0,392,86,53,17,2,14,48,49,21,114,4,1,0,8,4
22896,Lenyn Sosa,CHW,100,0,0,0,0,0,0,0,0,0,0,0,0,0,0,0,351,89,68,13,0,8,28,35,12,77,3,1,2,3,1
13744,David Dahl,PHI,19,0,0,0,0,0,0,0,0,0,0,0,0,0,0,0,58,12,7,2,0,3,6,8,3,21,0,1,0,0,0
27790,Evan Carter,TEX,45,0,0,0,0,0,0,0,0,0,0,0,0,0,0,0,144,27,14,6,2,5,23,15,15,43,2,1,0,2,0
26419,Bradley Blalock,- - -,7,1,3,0,0,0,0,0,0,30.2,35,20,4,20,1,20,0,0,0,0,0,0,0,0,0,0,0,0,0,0,0
19151,Estevan Florial,CLE,36,0,0,0,0,0,0,0,0,0,0,0,0,0,0,0,98,17,6,6,2,3,11,11,11,41,1,0,1,2,1
33266,Jacob Wilson,OAK,28,0,0,0,0,0,0,0,0,0,0,0,0,0,0,0,92,23,19,2,2,0,11,3,8,10,1,1,1,0,0
13528,Matt Bowman,- - -,25,1,0,0,0,0,0,3,0,30.2,26,15,5,13,2,24,0,0,0,0,0,0,0,0,0,0,0,0,0,0,0
19866,Brandon Bielak,- - -,16,1,0,0,0,0,0,0,0,29.2,39,17,5,13,2,14,0,0,0,0,0,0,0,0,0,0,0,0,0,0,0
23733,Ezequiel Duran,TEX,92,0,0,0,0,0,0,0,0,0,0,0,0,0,0,0,268,66,52,11,0,3,26,20,14,63,2,1,0,1,2
21009,Leonardo Rivas,SEA,43,0,0,0,0,0,0,0,0,0,0,0,0,0,0,0,73,17,15,1,1,0,10,8,10,24,1,0,2,3,0
23788,Jordyn Adams,LAA,11,0,0,0,0,0,0,0,0,0,0,0,0,0,0,0,35,8,7,0,0,1,4,4,3,12,0,0,0,2,0
26295,Oliver Dunn,MIL,41,0,0,0,0,0,0,0,0,0,0,0,0,0,0,0,95,21,16,2,2,1,11,7,6,40,2,0,1,3,0
8418,Ehire Adrianza,LAA,8,0,0,0,0,0,0,0,0,0,0,0,0,0,0,0,26,5,3,1,0,1,4,2,2,11,0,0,0,0,0
23135,Eduardo Salazar,- - -,26,0,1,0,0,0,0,3,0,29.1,34,9,2,14,1,27,0,0,0,0,0,0,0,0,0,0,0,0,0,0,0
18577,Ke'Bryan Hayes,PIT,96,0,0,0,0,0,0,0,0,0,0,0,0,0,0,0,365,85,72,9,0,4,38,25,23,75,4,4,0,11,2
31394,Brooks Baldwin,CHW,33,0,0,0,0,0,0,0,0,0,0,0,0,0,0,0,114,24,16,6,0,2,9,8,6,31,0,0,1,4,0
5343,Brandon Crawford,STL,29,0,0,0,0,0,0,0,0,0,0,0,0,0,0,0,71,12,6,5,0,1,5,4,8,26,1,0,0,0,0
23252,Spencer Howard,- - -,9,1,2,0,0,0,0,0,0,29,44,20,5,14,0,27,0,0,0,0,0,0,0,0,0,0,0,0,0,0,0
25475,Logan Driscoll,TBR,15,0,0,0,0,0,0,0,0,0,0,0,0,0,0,0,35,6,5,0,0,1,2,5,1,6,0,1,0,0,0
24737,Gus Varland,- - -,26,1,0,0,0,0,0,0,1,26.1,30,10,2,8,1,27,0,0,0,0,0,0,0,0,0,0,0,0,0,0,0
19813,Charles Leblanc,LAA,11,0,0,0,0,0,0,0,0,0,0,0,0,0,0,0,21,4,2,0,0,2,6,6,7,9,0,0,0,0,0
22274,Samad Taylor,SEA,3,0,0,0,0,0,0,0,0,0,0,0,0,0,0,0,5,2,2,0,0,0,2,0,0,1,0,0,0,0,0
19859,Rene Pinto,TBR,19,0,0,0,0,0,0,0,0,0,0,0,0,0,0,0,42,9,4,3,0,2,5,6,4,18,1,1,1,0,0
19330,Matt Festa,- - -,19,6,1,0,0,0,0,0,0,23.2,21,15,2,8,1,24,0,0,0,0,0,0,0,0,0,0,0,0,0,0,0
29794,Kyle Manzardo,CLE,53,0,0,0,0,0,0,0,0,0,0,0,0,0,0,0,145,34,17,12,0,5,11,15,9,41,1,1,0,0,0
17838,Willie Calhoun,LAA,68,0,0,0,0,0,0,0,0,0,0,0,0,0,0,0,229,56,35,16,0,5,26,20,23,31,1,1,0,0,1
23395,Eric Wagaman,LAA,18,0,0,0,0,0,0,0,0,0,0,0,0,0,0,0,72,18,11,5,0,2,6,10,2,17,0,0,0,0,0
15194,Jake Bauers,MIL,117,0,0,0,0,0,0,0,0,0,0,0,0,0,0,0,302,60,37,9,2,12,45,43,39,118,5,0,0,13,1
19225,Mitch White,- - -,13,1,1,0,0,0,0,0,0,23.2,26,19,4,13,1,13,0,0,0,0,0,0,0,0,0,0,0,0,0,0,0
19997,Santiago Espinal,CIN,118,0,0,0,0,0,0,0,0,0,0,0,0,0,0,0,357,88,67,12,0,9,32,45,24,54,2,4,4,11,1
30162,Oscar Colas,CHW,13,0,0,0,0,0,0,0,0,0,0,0,0,0,0,0,33,9,9,0,0,0,1,4,4,10,1,0,0,0,1
26540,Angel Martinez,CLE,43,0,0,0,0,0,0,0,0,0,0,0,0,0,0,0,151,35,25,7,0,3,16,11,15,33,0,2,1,3,1
5760,Avisail Garcia,MIA,18,0,0,0,0,0,0,0,0,0,0,0,0,0,0,0,50,12,9,1,0,2,4,2,1,13,0,0,0,0,0
17837,Jakson Reetz,SFG,6,0,0,0,0,0,0,0,0,0,0,0,0,0,0,0,14,2,0,1,0,1,1,1,1,5,0,0,0,0,0
27471,Zach DeLoach,CHW,22,0,0,0,0,0,0,0,0,0,0,0,0,0,0,0,67,14,8,5,0,1,10,5,8,21,0,0,0,0,1
27534,Edouard Julien,MIN,94,0,0,0,0,0,0,0,0,0,0,0,0,0,0,0,266,53,36,9,0,8,36,21,33,102,2,0,0,6,0
13324,Ildemaro Vargas,WSN,97,0,0,0,0,0,0,0,0,0,0,0,0,0,0,0,272,67,50,16,0,1,21,30,19,31,2,5,5,9,4
24496,DaShawn Keirsey Jr.,MIN,6,0,0,0,0,0,0,0,0,0,0,0,0,0,0,0,13,2,1,0,0,1,1,1,0,1,1,0,0,0,0
25524,Aaron Schunk,COL,39,0,0,0,0,0,0,0,0,0,0,0,0,0,0,0,94,22,17,3,0,2,14,7,4,31,0,0,0,0,1
25505,Cade Marlowe,SEA,8,0,0,0,0,0,0,0,0,0,0,0,0,0,0,0,8,2,2,0,0,0,1,0,1,1,0,0,0,0,0
21496,Brandon Lockridge,SDP,12,0,0,0,0,0,0,0,0,0,0,0,0,0,0,0,12,2,1,0,0,1,4,1,0,4,0,0,0,2,0
20505,Drew Waters,KCR,7,0,0,0,0,0,0,0,0,0,0,0,0,0,0,0,16,3,2,1,0,0,2,1,2,6,1,0,0,0,0
31781,Jackson Holliday,BAL,60,0,0,0,0,0,0,0,0,0,0,0,0,0,0,0,190,36,25,4,2,5,28,23,15,69,2,1,0,4,0
19722,Carlos Narvaez,NYY,6,0,0,0,0,0,0,0,0,0,0,0,0,0,0,0,13,3,3,0,0,0,0,0,2,6,0,0,0,0,0
27883,Thomas Saggese,STL,18,0,0,0,0,0,0,0,0,0,0,0,0,0,0,0,49,10,7,2,0,1,5,4,2,14,1,0,0,0,0
20447,Enoli Paredes,- - -,18,1,0,0,0,0,1,3,0,21.2,13,4,0,10,2,16,0,0,0,0,0,0,0,0,0,0,0,0,0,0,0
29487,Blake Dunn,CIN,19,0,0,0,0,0,0,0,0,0,0,0,0,0,0,0,26,4,2,1,0,1,8,1,2,11,1,0,0,2,0
15654,Billy McKinney,PIT,10,0,0,0,0,0,0,0,0,0,0,0,0,0,0,0,25,5,4,1,0,0,4,2,2,13,1,0,0,0,0
27464,Dillon Dingler,DET,27,0,0,0,0,0,0,0,0,0,0,0,0,0,0,0,84,14,6,5,2,1,2,11,3,30,0,0,0,0,0
17620,Myles Straw,CLE,7,0,0,0,0,0,0,0,0,0,0,0,0,0,0,0,4,1,1,0,0,0,2,0,0,0,0,0,0,2,0
20540,Jose Devers,MIA,3,0,0,0,0,0,0,0,0,0,0,0,0,0,0,0,4,1,1,0,0,0,1,0,0,1,0,0,0,0,0
24451,J.P. Martinez,ATL,7,0,0,0,0,0,0,0,0,0,0,0,0,0,0,0,10,2,1,1,0,0,2,0,0,4,0,0,0,1,0
18887,Seby Zavala,SEA,18,0,0,0,0,0,0,0,0,0,0,0,0,0,0,0,39,6,3,2,0,1,4,2,3,16,0,0,1,0,0
19802,Jhonny Pereda,MIA,20,0,0,0,0,0,0,0,0,0,0,0,0,0,0,0,39,9,9,0,0,0,2,4,0,10,1,0,0,0,0
17992,David Fletcher,ATL,5,0,0,0,0,0,0,0,0,0,0,0,0,0,0,0,8,2,2,0,0,0,0,2,0,1,0,1,0,0,0
23968,Jorge Barrosa,ARI,8,0,0,0,0,0,0,0,0,0,0,0,0,0,0,0,17,3,1,2,0,0,3,1,0,2,0,0,1,1,0
22209,Sam Huff,TEX,3,0,0,0,0,0,0,0,0,0,0,0,0,0,0,0,3,0,0,0,0,0,0,0,1,2,0,0,0,0,0
16959,Eddy Alvarez,NYM,13,0,0,0,0,0,0,0,0,0,0,0,0,0,0,0,9,0,0,0,0,0,2,0,1,2,1,0,0,0,0
19643,Daniel Johnson,BAL,1,0,0,0,0,0,0,0,0,0,0,0,0,0,0,0,1,0,0,0,0,0,1,0,0,0,0,0,0,0,0
23250,David Banuelos,BAL,1,0,0,0,0,0,0,0,0,0,0,0,0,0,0,0,1,0,0,0,0,0,0,0,0,0,0,0,0,0,0
23557,Chris Roller,MIL,1,0,0,0,0,0,0,0,0,0,0,0,0,0,0,0,1,0,0,0,0,0,0,0,0,1,0,0,0,0,0
27698,Eric Yang,CIN,1,0,0,0,0,0,0,0,0,0,0,0,0,0,0,0,1,0,0,0,0,0,0,0,0,1,0,0,0,0,0
21955,Yerry Rodriguez,- - -,16,1,0,0,0,0,0,0,0,21.2,26,21,7,13,2,17,0,0,0,0,0,0,0,0,0,0,0,0,0,0,0
24782,David Villar,SFG,11,0,0,0,0,0,0,0,0,0,0,0,0,0,0,0,35,9,4,4,0,1,3,4,1,13,0,1,0,0,0
20827,Michael Petersen,- - -,16,3,1,0,0,0,0,1,1,19.2,21,13,3,11,1,14,0,0,0,0,0,0,0,0,0,0,0,0,0,0,0
10441,Jon Singleton,HOU,119,0,0,0,0,0,0,0,0,0,0,0,0,0,0,0,355,83,56,13,1,13,46,42,47,111,0,3,0,0,0
21871,Jerar Encarnacion,SFG,35,0,0,0,0,0,0,0,0,0,0,0,0,0,0,0,113,28,18,5,0,5,13,19,5,34,0,1,0,1,0
15464,Hunter Renfroe,KCR,120,0,0,0,0,0,0,0,0,0,0,0,0,0,0,0,385,88,55,18,0,15,44,52,36,84,2,1,0,1,1
21497,Luken Baker,STL,21,0,0,0,0,0,0,0,0,0,0,0,0,0,0,0,40,7,3,1,1,2,3,10,7,11,0,2,0,1,0
27624,Walter Pennington,- - -,16,1,0,0,0,0,0,0,0,18,19,6,1,11,2,17,0,0,0,0,0,0,0,0,0,0,0,0,0,0,0
25967,Orelvis Martinez,TOR,1,0,0,0,0,0,0,0,0,0,0,0,0,0,0,0,3,1,1,0,0,0,0,0,0,1,0,0,0,0,0
23789,Blaze Alexander,ARI,61,0,0,0,0,0,0,0,0,0,0,0,0,0,0,0,166,41,31,7,0,3,19,21,15,49,3,0,1,3,1
27504,Nick Yorke,PIT,11,0,0,0,0,0,0,0,0,0,0,0,0,0,0,0,37,8,6,0,0,2,4,5,4,12,0,1,0,2,0
18607,Jared Walsh,TEX,17,0,0,0,0,0,0,0,0,0,0,0,0,0,0,0,53,12,9,2,0,1,9,7,7,21,0,0,0,0,0
19198,Yuli Gurriel,KCR,18,0,0,0,0,0,0,0,0,0,0,0,0,0,0,0,54,13,10,3,0,0,7,6,9,15,0,2,0,1,0
22707,Gustavo Campero,LAA,13,0,0,0,0,0,0,0,0,0,0,0,0,0,0,0,46,11,9,0,1,1,6,6,0,8,2,0,0,3,0
18217,Brett Sullivan,SDP,7,0,0,0,0,0,0,0,0,0,0,0,0,0,0,0,16,3,2,0,0,1,1,2,1,4,0,0,0,0,0
12164,Miguel Sano,LAA,28,0,0,0,0,0,0,0,0,0,0,0,0,0,0,0,83,17,12,3,0,2,9,6,9,36,2,1,0,0,0
16930,Jonah Heim,TEX,131,0,0,0,0,0,0,0,0,0,0,0,0,0,0,0,459,101,75,12,1,13,45,59,26,90,4,2,0,1,1
21078,Trey Cabbage,HOU,45,0,0,0,0,0,0,0,0,0,0,0,0,0,0,0,86,18,9,8,0,1,12,8,4,34,1,0,0,1,1
26259,Hunter Bigge,- - -,19,0,0,0,0,0,1,2,0,17.1,17,5,2,5,0,24,0,0,0,0,0,0,0,0,0,0,0,0,0,0,0
12861,Anthony Rendon,LAA,57,0,0,0,0,0,0,0,0,0,0,0,0,0,0,0,206,45,35,10,0,0,21,14,23,35,5,4,0,6,1
29949,Tyler Black,MIL,18,0,0,0,0,0,0,0,0,0,0,0,0,0,0,0,49,10,8,2,0,0,4,2,7,17,1,0,0,3,0
18889,Danny Mendick,CHW,47,0,0,0,0,0,0,0,0,0,0,0,0,0,0,0,132,26,16,7,0,3,13,8,6,35,2,0,1,6,0
27599,Jacob Hurtubise,CIN,29,0,0,0,0,0,0,0,0,0,0,0,0,0,0,0,54,10,8,1,1,0,7,4,6,18,3,1,4,2,0
20002,Bryce Johnson,SDP,47,0,0,0,0,0,0,0,0,0,0,0,0,0,0,0,63,13,11,2,0,0,9,4,7,12,0,0,3,1,1
18821,Jose Azocar,SDP,61,0,0,0,0,0,0,0,0,0,0,0,0,0,0,0,73,16,14,2,0,0,13,2,5,19,0,0,1,5,1
19983,Conner Capel,CIN,5,0,0,0,0,0,0,0,0,0,0,0,0,0,0,0,8,2,2,0,0,0,1,0,0,2,0,0,0,1,0
24273,Liover Peguero,PIT,3,0,0,0,0,0,0,0,0,0,0,0,0,0,0,0,10,2,1,1,0,0,0,2,0,3,0,0,0,0,0
21682,Luis De Los Santos,TOR,13,0,0,0,0,0,0,0,0,0,0,0,0,0,0,0,29,5,3,2,0,0,2,1,2,10,0,0,0,0,0
17276,Alex Jackson,TBR,58,0,0,0,0,0,0,0,0,0,0,0,0,0,0,0,139,17,7,7,0,3,17,12,12,53,2,1,1,1,0
15256,Cole Sulser,- - -,10,1,0,0,0,0,0,1,0,16.1,9,5,1,9,0,15,0,0,0,0,0,0,0,0,0,0,0,0,0,0,0
19453,Shaun Anderson,- - -,6,0,2,0,0,0,0,0,0,16.1,34,15,3,1,1,10,0,0,0,0,0,0,0,0,0,0,0,0,0,0,0
14942,Andrew Knapp,SFG,3,0,0,0,0,0,0,0,0,0,0,0,0,0,0,0,6,1,1,0,0,0,0,0,0,2,0,0,0,0,0
25040,Vinny Capra,MIL,3,0,0,0,0,0,0,0,0,0,0,0,0,0,0,0,9,1,0,1,0,0,1,0,0,3,0,0,0,0,0
18316,Edwin Rios,CIN,5,0,0,0,0,0,0,0,0,0,0,0,0,0,0,0,9,1,1,0,0,0,1,0,1,4,0,0,0,0,0
22261,Bubba Thompson,CIN,17,0,0,0,0,0,0,0,0,0,0,0,0,0,0,0,18,2,1,1,0,0,5,0,0,11,0,0,0,5,0
23442,Luis Vazquez,CHC,11,0,0,0,0,0,0,0,0,0,0,0,0,0,0,0,12,1,1,0,0,0,2,1,0,6,1,1,0,0,0
10655,Rob Brantly,TBR,3,0,0,0,0,0,0,0,0,0,0,0,0,0,0,0,9,1,1,0,0,0,0,0,0,2,0,0,0,0,0
25971,Kevin Alcantara,CHC,3,0,0,0,0,0,0,0,0,0,0,0,0,0,0,0,10,1,1,0,0,0,1,0,0,1,0,0,0,0,0
21730,Jair Camargo,MIN,5,0,0,0,0,0,0,0,0,0,0,0,0,0,0,0,6,0,0,0,0,0,1,0,1,3,0,0,0,0,0
22045,Grant Koch,PIT,3,0,0,0,0,0,0,0,0,0,0,0,0,0,0,0,7,0,0,0,0,0,1,0,1,6,0,0,0,0,0
14894,Tony Kemp,BAL,5,0,0,0,0,0,0,0,0,0,0,0,0,0,0,0,9,0,0,0,0,0,1,0,1,1,0,0,0,0,0
16925,Aramis Garcia,PHI,3,0,0,0,0,0,0,0,0,0,0,0,0,0,0,0,7,0,0,0,0,0,0,0,0,3,0,0,0,0,0
18289,Brian Anderson,ATL,3,0,0,0,0,0,0,0,0,0,0,0,0,0,0,0,5,0,0,0,0,0,0,0,0,2,0,0,0,0,0
19910,Sandro Fabian,TEX,3,0,0,0,0,0,0,0,0,0,0,0,0,0,0,0,5,0,0,0,0,0,0,0,0,0,0,0,0,0,0
21635,Nick Maton,BAL,5,0,0,0,0,0,0,0,0,0,0,0,0,0,0,0,5,0,0,0,0,0,0,0,0,2,0,0,0,0,0
27784,Tyler Gentry,KCR,3,0,0,0,0,0,0,0,0,0,0,0,0,0,0,0,5,0,0,0,0,0,0,0,0,2,0,0,0,0,0
26197,Andrew Vaughn,CHW,149,0,0,0,0,0,0,0,0,0,0,0,0,0,0,0,570,140,90,30,1,19,55,70,38,132,6,5,0,2,0
8090,Matt Carpenter,STL,59,0,0,0,0,0,0,0,0,0,0,0,0,0,0,0,137,32,21,7,0,4,15,15,15,51,2,2,0,0,2
19287,Adolis Garcia,TEX,154,0,0,0,0,0,0,0,0,0,0,0,0,0,0,0,580,130,78,27,0,25,68,85,45,177,6,6,0,11,5
27462,Austin Martin,MIN,93,0,0,0,0,0,0,0,0,0,0,0,0,0,0,0,233,59,39,18,1,1,41,16,20,47,2,0,2,7,3
18171,Seth Brown,OAK,124,0,0,0,0,0,0,0,0,0,0,0,0,0,0,0,372,86,60,11,1,14,32,44,25,112,2,1,0,4,2
31562,Zachary Dezenzo,HOU,19,0,0,0,0,0,0,0,0,0,0,0,0,0,0,0,62,15,11,2,0,2,5,8,3,22,0,0,0,0,0
3473,Anthony Rizzo,NYY,92,0,0,0,0,0,0,0,0,0,0,0,0,0,0,0,337,77,57,12,0,8,38,35,27,65,9,2,0,0,0
13602,Patrick Wisdom,CHC,75,0,0,0,0,0,0,0,0,0,0,0,0,0,0,0,158,27,10,7,2,8,16,23,10,59,4,1,1,5,0
14712,Manuel Margot,MIN,129,0,0,0,0,0,0,0,0,0,0,0,0,0,0,0,315,75,53,17,1,4,37,31,21,54,3,3,1,5,0
17766,D.J. Stewart,NYM,74,0,0,0,0,0,0,0,0,0,0,0,0,0,0,0,158,28,19,4,0,5,16,19,31,48,4,1,0,1,0
19318,Matt Thaiss,LAA,57,0,0,0,0,0,0,0,0,0,0,0,0,0,0,0,157,32,21,9,0,2,14,16,28,58,0,1,0,3,0
28080,Jasson Dominguez,NYY,18,0,0,0,0,0,0,0,0,0,0,0,0,0,0,0,56,10,7,1,0,2,8,4,11,19,0,0,0,5,0
25690,Grant McCray,SFG,37,0,0,0,0,0,0,0,0,0,0,0,0,0,0,0,124,25,15,3,2,5,13,10,6,56,0,0,0,5,0
29782,Niko Kavadas,LAA,30,0,0,0,0,0,0,0,0,0,0,0,0,0,0,0,93,17,11,2,0,4,11,8,11,41,2,0,0,1,0
14128,Joey Gallo,WSN,76,0,0,0,0,0,0,0,0,0,0,0,0,0,0,0,223,36,17,9,0,10,24,27,32,102,4,1,0,3,1
22563,Gabriel Arias,CLE,53,0,0,0,0,0,0,0,0,0,0,0,0,0,0,0,153,34,21,9,1,3,15,15,6,53,1,1,0,5,2
23792,Alek Thomas,ARI,39,0,0,0,0,0,0,0,0,0,0,0,0,0,0,0,95,18,9,5,1,3,13,17,7,17,0,0,1,4,1
15504,Jamie Westbrook,BOS,21,0,0,0,0,0,0,0,0,0,0,0,0,0,0,0,40,6,2,2,0,2,4,7,4,14,1,2,0,0,0
25111,David Hensley,MIA,23,0,0,0,0,0,0,0,0,0,0,0,0,0,0,0,52,11,9,1,0,1,9,4,6,17,0,0,0,1,0
19599,Chas McCormick,HOU,94,0,0,0,0,0,0,0,0,0,0,0,0,0,0,0,242,51,39,6,1,5,32,27,17,72,4,3,1,8,2
17701,Jose Cuas,- - -,13,0,0,0,0,0,0,0,0,16.1,19,14,4,10,5,17,0,0,0,0,0,0,0,0,0,0,0,0,0,0,0
31396,Tyler Locklear,SEA,16,0,0,0,0,0,0,0,0,0,0,0,0,0,0,0,45,7,4,1,0,2,3,3,3,20,1,0,0,1,0
28253,Javier Sanoja,MIA,15,0,0,0,0,0,0,0,0,0,0,0,0,0,0,0,35,8,6,2,0,0,3,2,1,4,0,0,0,0,0
19931,Luke Williams,ATL,37,0,0,0,0,0,0,0,0,0,0,0,0,0,0,0,46,9,6,3,0,0,8,4,4,13,1,0,1,3,0
22458,Taylor Walls,TBR,84,0,0,0,0,0,0,0,0,0,0,0,0,0,0,0,218,40,31,5,3,1,27,14,31,67,0,3,0,16,4
24597,Jonathan Ornelas,TEX,18,0,0,0,0,0,0,0,0,0,0,0,0,0,0,0,37,8,6,2,0,0,1,3,2,13,0,0,1,0,0
27630,Nick Loftin,KCR,57,0,0,0,0,0,0,0,0,0,0,0,0,0,0,0,148,28,23,4,0,1,15,14,19,24,1,2,1,1,0
16686,Jason Vosler,SEA,10,0,0,0,0,0,0,0,0,0,0,0,0,0,0,0,28,5,3,1,1,0,2,3,2,9,0,0,0,0,0
19314,Donovan Walton,SFG,9,0,0,0,0,0,0,0,0,0,0,0,0,0,0,0,22,3,2,0,0,1,3,2,2,7,1,0,0,0,0
13853,Joey Wendle,NYM,18,0,0,0,0,0,0,0,0,0,0,0,0,0,0,0,36,8,7,1,0,0,3,1,1,9,0,0,0,1,0
22530,Johnathan Rodriguez,CLE,13,0,0,0,0,0,0,0,0,0,0,0,0,0,0,0,31,4,3,1,0,0,6,5,9,14,0,0,0,0,0
19422,Brian Serven,TOR,28,0,0,0,0,0,0,0,0,0,0,0,0,0,0,0,63,10,6,4,0,0,6,3,5,22,2,0,1,0,0
24655,Owen Miller,MIL,14,0,0,0,0,0,0,0,0,0,0,0,0,0,0,0,27,5,4,1,0,0,2,3,0,8,0,0,0,0,0
18551,Ali Sanchez,MIA,31,0,0,0,0,0,0,0,0,0,0,0,0,0,0,0,84,14,12,2,0,0,5,4,4,24,1,1,6,2,1
19384,Trenton Brooks,SFG,12,0,0,0,0,0,0,0,0,0,0,0,0,0,0,0,25,3,3,0,0,0,3,1,4,6,0,0,0,1,0
18333,Alex Young,- - -,17,0,0,0,0,0,0,1,0,15.2,15,5,2,7,0,15,0,0,0,0,0,0,0,0,0,0,0,0,0,0,0
25477,Isaac Collins,MIL,11,0,0,0,0,0,0,0,0,0,0,0,0,0,0,0,17,2,2,0,0,0,0,0,2,10,0,0,0,1,0
25138,Levi Jordan,CIN,7,0,0,0,0,0,0,0,0,0,0,0,0,0,0,0,10,1,0,1,0,0,1,1,0,3,0,1,0,0,0
10323,Rafael Ortega,CHW,14,0,0,0,0,0,0,0,0,0,0,0,0,0,0,0,14,1,1,0,0,0,4,1,2,4,0,1,0,2,0
18054,Sam Haggerty,SEA,8,0,0,0,0,0,0,0,0,0,0,0,0,0,0,0,15,1,1,0,0,0,1,1,1,4,0,0,0,1,0
26374,Kameron Misner,TBR,8,0,0,0,0,0,0,0,0,0,0,0,0,0,0,0,15,1,1,0,0,0,0,0,0,10,0,0,0,0,0
19458,Cooper Hummel,HOU,6,0,0,0,0,0,0,0,0,0,0,0,0,0,0,0,8,0,0,0,0,0,0,0,0,2,0,0,0,1,0
20450,Brewer Hicklen,MIL,3,0,0,0,0,0,0,0,0,0,0,0,0,0,0,0,5,0,0,0,0,0,0,0,0,4,0,0,0,1,0
14477,Jake Cave,COL,123,0,0,0,0,0,0,0,0,0,0,0,0,0,0,0,323,81,53,16,5,7,42,37,18,98,1,3,1,5,2
17901,Andrew Benintendi,CHW,135,0,0,0,0,0,0,0,0,0,0,0,0,0,0,0,477,109,69,20,0,20,50,64,41,96,1,3,0,3,2
22197,MJ Melendez,KCR,135,0,0,0,0,0,0,0,0,0,0,0,0,0,0,0,412,85,42,23,3,17,44,44,35,113,3,0,0,4,4
20325,Alex Kirilloff,MIN,57,0,0,0,0,0,0,0,0,0,0,0,0,0,0,0,159,32,16,8,3,5,20,20,15,47,1,3,0,0,0
21780,Esteury Ruiz,OAK,29,0,0,0,0,0,0,0,0,0,0,0,0,0,0,0,55,11,6,2,1,2,10,8,4,20,2,2,2,5,4
13663,Jack Lopez,LAA,27,0,0,0,0,0,0,0,0,0,0,0,0,0,0,0,67,17,13,3,0,1,4,6,2,25,1,0,1,0,1
19864,Riley Adams,WSN,41,0,0,0,0,0,0,0,0,0,0,0,0,0,0,0,116,26,18,5,1,2,10,8,10,35,2,2,0,1,0
20536,Vidal Brujan,MIA,102,0,0,0,0,0,0,0,0,0,0,0,0,0,0,0,248,55,37,14,2,2,32,16,25,54,4,0,1,5,6
19610,Keibert Ruiz,WSN,127,0,0,0,0,0,0,0,0,0,0,0,0,0,0,0,459,105,71,21,0,13,46,57,16,54,5,5,0,3,1
29576,Ben Rice,NYY,50,0,0,0,0,0,0,0,0,0,0,0,0,0,0,0,152,26,13,6,0,7,20,23,20,48,1,5,0,0,1
24598,Addison Barger,TOR,69,0,0,0,0,0,0,0,0,0,0,0,0,0,0,0,208,41,23,11,0,7,20,28,14,60,1,1,0,2,0
27789,Shay Whitcomb,HOU,20,0,0,0,0,0,0,0,0,0,0,0,0,0,0,0,41,9,6,3,0,0,1,5,5,8,0,0,0,0,0
31595,Brooks Lee,MIN,50,0,0,0,0,0,0,0,0,0,0,0,0,0,0,0,172,38,28,6,1,3,9,27,11,27,0,2,0,3,0
14130,Daniel Vogelbach,TOR,31,0,0,0,0,0,0,0,0,0,0,0,0,0,0,0,70,13,7,5,0,1,5,8,9,17,0,0,0,0,0
19455,Andruw Monasterio,MIL,59,0,0,0,0,0,0,0,0,0,0,0,0,0,0,0,125,26,20,5,0,1,14,16,16,40,1,0,0,6,2
23986,Curtis Mead,TBR,38,0,0,0,0,0,0,0,0,0,0,0,0,0,0,0,122,29,25,3,0,1,10,7,6,30,2,1,0,2,0
17326,Cole Tucker,LAA,25,0,0,0,0,0,0,0,0,0,0,0,0,0,0,0,50,9,4,4,1,0,3,3,6,17,0,1,0,3,1
19292,Armando Alvarez,OAK,16,0,0,0,0,0,0,0,0,0,0,0,0,0,0,0,37,9,8,1,0,0,7,2,2,8,0,0,0,1,0
27604,Alika Williams,PIT,37,0,0,0,0,0,0,0,0,0,0,0,0,0,0,0,87,18,12,4,2,0,13,5,3,22,1,0,5,1,0
29788,Brett Harris,OAK,36,0,0,0,0,0,0,0,0,0,0,0,0,0,0,0,103,15,9,3,0,3,15,12,17,25,2,1,0,0,3
15730,Tyler Wade,SDP,90,0,0,0,0,0,0,0,0,0,0,0,0,0,0,0,138,30,27,3,0,0,28,8,11,29,2,0,4,8,1
24770,James Outman,LAD,53,0,0,0,0,0,0,0,0,0,0,0,0,0,0,0,136,20,12,4,0,4,12,11,16,55,4,0,0,2,1
22168,Akil Baddoo,DET,31,0,0,0,0,0,0,0,0,0,0,0,0,0,0,0,73,10,4,2,2,2,7,5,8,27,0,1,0,1,0
13768,Travis Jankowski,TEX,104,0,0,0,0,0,0,0,0,0,0,0,0,0,0,0,190,38,32,5,0,1,19,12,12,44,5,0,0,11,1
22165,Ryan Vilade,DET,17,0,0,0,0,0,0,0,0,0,0,0,0,0,0,0,45,8,7,0,0,1,5,5,2,12,0,1,1,0,0
31363,Graham Pauley,SDP,13,0,0,0,0,0,0,0,0,0,0,0,0,0,0,0,32,4,2,0,0,2,4,5,0,15,0,0,0,0,0
16933,Elieser Hernandez,- - -,9,0,1,1,0,0,0,0,0,15.2,14,11,5,5,0,8,0,0,0,0,0,0,0,0,0,0,0,0,0,0,0
26469,Davis Wendzel,TEX,27,0,0,0,0,0,0,0,0,0,0,0,0,0,0,0,47,6,3,2,0,1,2,2,1,12,1,0,0,0,0
19345,Daulton Jefferies,- - -,6,0,2,0,0,0,0,0,0,14.2,24,16,4,4,1,12,0,0,0,0,0,0,0,0,0,0,0,0,0,0,0
20557,C.J. Alexander,KCR,4,0,0,0,0,0,0,0,0,0,0,0,0,0,0,0,8,1,1,0,0,0,0,0,0,3,0,0,0,0,0
24759,Mickey Gasper,BOS,13,0,0,0,0,0,0,0,0,0,0,0,0,0,0,0,18,0,0,0,0,0,1,0,4,8,1,0,0,0,0
29524,Bryce Teodosio,LAA,5,0,0,0,0,0,0,0,0,0,0,0,0,0,0,0,12,1,1,0,0,0,1,0,0,5,0,0,0,0,0
13621,Jeimer Candelario,CIN,112,0,0,0,0,0,0,0,0,0,0,0,0,0,0,0,427,96,51,23,2,20,47,56,27,114,6,3,0,4,3
27453,Anthony Veneziano,- - -,12,1,0,0,0,0,0,1,0,13.1,16,5,1,3,1,14,0,0,0,0,0,0,0,0,0,0,0,0,0,0,0
15161,Mitch Garver,SEA,114,0,0,0,0,0,0,0,0,0,0,0,0,0,0,0,367,63,31,17,0,15,37,51,53,133,7,3,0,0,0
17893,Tyler Nevin,OAK,87,0,0,0,0,0,0,0,0,0,0,0,0,0,0,0,245,50,33,10,0,7,22,20,25,64,5,3,0,1,0
25543,Korey Lee,CHW,125,0,0,0,0,0,0,0,0,0,0,0,0,0,0,0,377,79,52,14,1,12,36,37,17,122,0,0,0,6,3
18353,Daz Cameron,OAK,66,0,0,0,0,0,0,0,0,0,0,0,0,0,0,0,170,34,23,5,1,5,22,15,13,51,1,2,0,5,0
25621,Bryan Ramos,CHW,32,0,0,0,0,0,0,0,0,0,0,0,0,0,0,0,99,20,13,4,0,3,13,11,7,22,0,1,0,0,2
26226,Nick Robertson,- - -,9,0,0,0,0,0,0,0,0,13.1,15,6,3,2,0,14,0,0,0,0,0,0,0,0,0,0,0,0,0,0,0
25353,Michael Stefanic,LAA,40,0,0,0,0,0,0,0,0,0,0,0,0,0,0,0,110,24,20,4,0,0,8,8,10,20,3,0,1,0,0
12510,Curt Casali,SFG,41,0,0,0,0,0,0,0,0,0,0,0,0,0,0,0,108,21,17,3,0,1,12,8,13,22,2,0,2,0,0
10200,Tucker Barnhart,ARI,31,0,0,0,0,0,0,0,0,0,0,0,0,0,0,0,81,14,11,3,0,0,13,6,13,31,0,0,2,1,0
20017,Miles Mastrobuoni,CHC,50,0,0,0,0,0,0,0,0,0,0,0,0,0,0,0,98,19,16,3,0,0,9,4,7,17,0,1,0,2,0
16754,Vinny Nittoli,- - -,9,0,1,0,0,0,0,1,0,12,10,2,1,2,0,8,0,0,0,0,0,0,0,0,0,0,0,0,0,0,0
27763,Drew Romo,COL,16,0,0,0,0,0,0,0,0,0,0,0,0,0,0,0,51,9,6,3,0,0,4,6,2,18,0,0,0,0,1
27962,Adael Amador,COL,10,0,0,0,0,0,0,0,0,0,0,0,0,0,0,0,35,6,5,1,0,0,1,0,1,6,0,0,0,1,0
27845,Matt Mervis,CHC,9,0,0,0,0,0,0,0,0,0,0,0,0,0,0,0,26,3,2,1,0,0,1,3,1,8,0,0,0,0,0
12325,Jace Peterson,ARI,14,0,0,0,0,0,0,0,0,0,0,0,0,0,0,0,22,1,1,0,0,0,2,1,3,6,0,1,0,0,0
25813,Grae Kessinger,HOU,23,0,0,0,0,0,0,0,0,0,0,0,0,0,0,0,21,0,0,0,0,0,4,0,3,7,1,0,0,0,0
15679,Rowdy Tellez,PIT,132,0,0,0,0,0,0,0,0,0,0,0,0,0,0,0,383,93,62,18,0,13,38,56,31,89,2,5,0,1,0
29606,Justyn-Henry Malloy,DET,71,0,0,0,0,0,0,0,0,0,0,0,0,0,0,0,202,41,25,7,1,8,18,21,23,85,3,2,0,1,1
22217,Luis Campusano,SDP,91,0,0,0,0,0,0,0,0,0,0,0,0,0,0,0,277,63,42,13,0,8,37,40,20,41,1,1,0,0,0
12005,Nick Martini,CIN,52,0,0,0,0,0,0,0,0,0,0,0,0,0,0,0,146,31,20,4,2,5,23,24,9,38,4,3,0,1,3
23359,Nelson Velazquez,KCR,64,0,0,0,0,0,0,0,0,0,0,0,0,0,0,0,205,41,24,8,1,8,31,27,19,61,3,3,0,2,0
26058,Easton Lucas,- - -,8,1,0,0,0,0,0,1,0,11.2,17,14,1,9,1,10,0,0,0,0,0,0,0,0,0,0,0,0,0,0,0
13757,Chris Taylor,LAD,87,0,0,0,0,0,0,0,0,0,0,0,0,0,0,0,213,43,31,7,1,4,28,23,28,76,2,2,1,5,1
9874,DJ LeMahieu,NYY,67,0,0,0,0,0,0,0,0,0,0,0,0,0,0,0,201,41,34,5,0,2,19,26,19,35,1,6,1,0,1
26224,Darell Hernaiz,OAK,48,0,0,0,0,0,0,0,0,0,0,0,0,0,0,0,120,23,19,3,0,1,8,12,11,27,1,2,1,1,1
31349,Victor Scott,STL,53,0,0,0,0,0,0,0,0,0,0,0,0,0,0,0,145,26,15,9,0,2,14,10,6,42,2,2,0,5,1
13499,Tom Murphy,SFG,13,0,0,0,0,0,0,0,0,0,0,0,0,0,0,0,34,4,2,1,0,1,3,2,4,14,0,0,0,0,0
26420,Kyren Paris,LAA,21,0,0,0,0,0,0,0,0,0,0,0,0,0,0,0,51,6,3,2,0,1,4,5,7,17,0,0,0,1,0
5297,Aaron Hicks,LAA,18,0,0,0,0,0,0,0,0,0,0,0,0,0,0,0,57,8,7,0,0,1,6,5,6,23,0,0,0,0,0
25867,Ryan Kreidler,DET,35,0,0,0,0,0,0,0,0,0,0,0,0,0,0,0,59,7,6,0,0,1,9,2,6,19,0,0,0,5,3
19824,Chuckie Robinson,CHW,26,0,0,0,0,0,0,0,0,0,0,0,0,0,0,0,70,9,9,0,0,0,2,0,5,20,1,0,0,0,0
18395,Travis Blankenhorn,WSN,13,0,0,0,0,0,0,0,0,0,0,0,0,0,0,0,31,4,3,1,0,0,2,5,1,9,0,0,0,0,0
20003,Keston Hiura,LAA,10,0,0,0,0,0,0,0,0,0,0,0,0,0,0,0,27,4,4,0,0,0,1,1,0,10,0,0,0,0,1
31765,Nacho Alvarez Jr.,ATL,8,0,0,0,0,0,0,0,0,0,0,0,0,0,0,0,30,3,3,0,0,0,1,0,0,10,2,0,0,0,0
27781,Pedro Leon,HOU,7,0,0,0,0,0,0,0,0,0,0,0,0,0,0,0,20,2,2,0,0,0,2,0,1,10,0,0,0,2,0
23592,Brett de Geus,- - -,13,0,2,0,0,0,0,0,0,11.1,14,9,0,4,3,7,0,0,0,0,0,0,0,0,0,0,0,0,0,0,0
21853,Will Benson,CIN,128,0,0,0,0,0,0,0,0,0,0,0,0,0,0,0,343,64,29,19,2,14,41,43,40,154,2,2,1,16,7
21716,Enmanuel Valdez,BOS,76,0,0,0,0,0,0,0,0,0,0,0,0,0,0,0,201,43,25,12,0,6,23,28,17,53,0,4,1,1,1
14274,Mitch Haniger,SEA,121,0,0,0,0,0,0,0,0,0,0,0,0,0,0,0,380,79,55,12,0,12,42,44,40,126,2,1,0,0,0
27475,Jordan Walker,STL,51,0,0,0,0,0,0,0,0,0,0,0,0,0,0,0,164,33,17,10,1,5,16,20,10,50,2,2,0,1,0
19995,Joel Kuhnel,- - -,6,0,0,0,0,0,0,0,0,10,8,5,1,0,1,5,0,0,0,0,0,0,0,0,0,0,0,0,0,0,0
21997,Luis Frias,- - -,11,0,1,0,0,0,0,0,1,9.2,19,15,2,7,0,12,0,0,0,0,0,0,0,0,0,0,0,0,0,0,0
14764,Wes Parsons,- - -,4,0,0,0,0,0,0,0,0,9,10,6,2,2,0,7,0,0,0,0,0,0,0,0,0,0,0,0,0,0,0
21270,Sean Bouchard,COL,31,0,0,0,0,0,0,0,0,0,0,0,0,0,0,0,91,17,9,7,0,1,14,8,12,33,2,2,1,4,0
20311,Corey Julks,CHW,66,0,0,0,0,0,0,0,0,0,0,0,0,0,0,0,173,37,27,7,0,3,17,14,15,50,0,1,0,5,2
15223,Adam Frazier,KCR,104,0,0,0,0,0,0,0,0,0,0,0,0,0,0,0,262,53,38,10,1,4,35,22,22,59,7,0,3,3,0
23312,Ryan Noda,OAK,36,0,0,0,0,0,0,0,0,0,0,0,0,0,0,0,95,13,8,4,0,1,8,4,14,37,1,0,1,0,0
22277,Nick Allen,OAK,41,0,0,0,0,0,0,0,0,0,0,0,0,0,0,0,97,17,12,4,0,1,6,4,5,20,0,0,3,0,0
15585,Mike Ford,CIN,17,0,0,0,0,0,0,0,0,0,0,0,0,0,0,0,60,9,7,0,1,1,2,4,2,15,0,0,0,0,0
19514,Andrew Knizner,TEX,37,0,0,0,0,0,0,0,0,0,0,0,0,0,0,0,90,15,13,1,0,1,5,9,1,22,1,1,0,0,0
28312,Coby Mayo,BAL,17,0,0,0,0,0,0,0,0,0,0,0,0,0,0,0,41,4,4,0,0,0,4,0,4,22,1,0,0,0,0
5827,Wilmer Flores,SFG,71,0,0,0,0,0,0,0,0,0,0,0,0,0,0,0,214,44,28,12,0,4,19,26,20,33,3,5,0,0,0
25616,Marco Luciano,SFG,27,0,0,0,0,0,0,0,0,0,0,0,0,0,0,0,76,16,10,5,1,0,10,3,5,28,0,0,0,0,1
20521,Nick Madrigal,CHC,51,0,0,0,0,0,0,0,0,0,0,0,0,0,0,0,86,19,16,3,0,0,5,10,4,10,3,0,1,1,0
13355,Luke Maile,CIN,55,0,0,0,0,0,0,0,0,0,0,0,0,0,0,0,135,24,18,4,0,2,8,8,13,52,4,1,1,2,0
12979,Javier Baez,DET,80,0,0,0,0,0,0,0,0,0,0,0,0,0,0,0,272,50,32,12,0,6,25,37,12,69,2,3,0,8,1
30011,Christian Encarnacion-Strand,CIN,29,0,0,0,0,0,0,0,0,0,0,0,0,0,0,0,116,22,14,6,0,2,13,16,4,35,1,2,0,0,0
26031,Vaughn Grissom,BOS,31,0,0,0,0,0,0,0,0,0,0,0,0,0,0,0,105,20,17,3,0,0,10,6,7,24,1,1,0,2,0
23818,Ji Hwan Bae,PIT,29,0,0,0,0,0,0,0,0,0,0,0,0,0,0,0,74,14,12,2,0,0,11,6,6,24,0,1,0,6,2
29617,Henry Davis,PIT,37,0,0,0,0,0,0,0,0,0,0,0,0,0,0,0,104,15,10,4,0,1,9,5,13,45,1,2,1,0,0
17793,Trey Wingenter,- - -,7,0,0,0,0,0,0,0,0,8.1,13,9,2,4,0,6,0,0,0,0,0,0,0,0,0,0,0,0,0,0,0
21746,Jose Fermin,STL,45,0,0,0,0,0,0,0,0,0,0,0,0,0,0,0,71,11,9,1,1,0,7,4,7,11,1,0,0,2,1
19966,Bobby Dalbec,BOS,37,0,0,0,0,0,0,0,0,0,0,0,0,0,0,0,83,11,8,2,0,1,6,8,8,43,1,0,1,3,0
25817,Braden Shewmake,CHW,29,0,0,0,0,0,0,0,0,0,0,0,0,0,0,0,64,8,5,2,0,1,4,4,1,10,0,2,0,5,1
20056,Alan Trejo,COL,28,0,0,0,0,0,0,0,0,0,0,0,0,0,0,0,63,9,9,0,0,0,4,1,2,15,1,0,1,0,0
20529,Nolan Jones,COL,79,0,0,0,0,0,0,0,0,0,0,0,0,0,0,0,256,58,41,13,1,3,28,28,36,91,1,3,1,5,4
16337,Nick Gordon,MIA,95,0,0,0,0,0,0,0,0,0,0,0,0,0,0,0,260,59,39,11,1,8,29,32,11,67,1,3,0,5,5
15429,Kris Bryant,COL,37,0,0,0,0,0,0,0,0,0,0,0,0,0,0,0,133,29,22,5,0,2,9,15,13,48,8,1,0,0,0
26467,Luis Matos,SFG,45,0,0,0,0,0,0,0,0,0,0,0,0,0,0,0,150,32,22,5,0,5,14,25,5,24,0,1,0,0,0
26149,Dominic Fletcher,CHW,72,0,0,0,0,0,0,0,0,0,0,0,0,0,0,0,223,46,37,8,0,1,14,17,11,58,3,1,2,0,0
31567,Trey Lipscomb,WSN,61,0,0,0,0,0,0,0,0,0,0,0,0,0,0,0,190,38,34,3,0,1,20,10,16,40,2,1,1,11,2
23301,Janson Junk,- - -,6,0,0,0,0,0,0,0,0,8,22,13,3,4,0,8,0,0,0,0,0,0,0,0,0,0,0,0,0,0,0
27501,Justin Foscue,TEX,15,0,0,0,0,0,0,0,0,0,0,0,0,0,0,0,42,2,1,1,0,0,3,1,2,18,0,0,0,0,0
17952,Tyler Jay,- - -,5,0,0,0,0,0,0,0,0,7.2,9,4,0,6,0,6,0,0,0,0,0,0,0,0,0,0,0,0,0,0,0
19901,Gavin Sheets,CHW,139,0,0,0,0,0,0,0,0,0,0,0,0,0,0,0,451,105,70,24,1,10,35,45,43,106,4,3,0,2,2
27787,Will Klein,- - -,8,1,0,0,0,0,0,0,0,7.1,12,9,0,6,0,7,0,0,0,0,0,0,0,0,0,0,0,0,0,0,0
19698,Edward Olivares,PIT,55,0,0,0,0,0,0,0,0,0,0,0,0,0,0,0,174,39,30,4,0,5,22,23,16,37,2,4,0,1,0
24986,Colin Selby,- - -,5,0,0,0,0,0,0,0,0,7,3,2,0,4,1,5,0,0,0,0,0,0,0,0,0,0,0,0,0,0,0
14366,Joey Meneses,WSN,76,0,0,0,0,0,0,0,0,0,0,0,0,0,0,0,281,65,51,11,0,3,19,42,21,63,5,6,0,2,0
10950,Adam Duvall,ATL,104,0,0,0,0,0,0,0,0,0,0,0,0,0,0,0,303,55,34,10,0,11,29,30,21,99,5,1,0,0,0
23391,Ricky Vanasco,- - -,4,1,0,0,0,0,0,1,0,4,3,3,0,0,0,1,0,0,0,0,0,0,0,0,0,0,0,0,0,0,0
31431,Jordan Beck,COL,55,0,0,0,0,0,0,0,0,0,0,0,0,0,0,0,170,32,23,6,0,3,14,13,12,65,1,1,0,7,1
25178,Joe Jacques,- - -,2,0,0,0,0,0,0,0,0,3,6,3,1,1,1,2,0,0,0,0,0,0,0,0,0,0,0,0,0,0,0
13338,Omar Narvaez,NYM,28,0,0,0,0,0,0,0,0,0,0,0,0,0,0,0,65,10,8,2,0,0,4,5,3,12,0,0,1,0,0
22244,Jack Suwinski,PIT,88,0,0,0,0,0,0,0,0,0,0,0,0,0,0,0,247,45,28,8,0,9,29,26,27,79,1,1,1,9,1
16451,Luis Guillorme,- - -,3,0,0,0,0,0,0,0,0,3,4,4,1,2,0,0,0,0,0,0,0,0,0,0,0,0,0,0,0,0,0
29715,Hunter Goodman,COL,70,0,0,0,0,0,0,0,0,0,0,0,0,0,0,0,211,40,18,9,0,13,24,36,8,64,3,2,0,1,1
9627,Yan Gomes,CHC,34,0,0,0,0,0,0,0,0,0,0,0,0,0,0,0,91,14,10,2,0,2,7,7,2,36,1,1,1,0,0
15172,Tim Anderson,MIA,65,0,0,0,0,0,0,0,0,0,0,0,0,0,0,0,234,50,47,3,0,0,16,9,7,68,0,0,0,4,4
26517,Noelvi Marte,CIN,66,0,0,0,0,0,0,0,0,0,0,0,0,0,0,0,229,48,35,9,0,4,24,18,9,75,3,1,0,9,3
6887,Martin Maldonado,CHW,48,0,0,0,0,0,0,0,0,0,0,0,0,0,0,0,135,16,9,3,0,4,9,11,8,51,1,0,3,0,0
15676,Jose Abreu,HOU,35,0,0,0,0,0,0,0,0,0,0,0,0,0,0,0,113,14,10,2,0,2,10,7,4,28,2,1,0,0,0
20543,Elehuris Montero,COL,67,0,0,0,0,0,0,0,0,0,0,0,0,0,0,0,224,46,32,10,0,4,23,28,20,56,0,3,0,0,0
21205,Connor Brogdon,- - -,4,0,1,0,0,0,0,0,0,3,5,8,4,6,0,3,0,0,0,0,0,0,0,0,0,0,0,0,0,0,0
11615,Brandon Drury,LAA,97,0,0,0,0,0,0,0,0,0,0,0,0,0,0,0,325,55,44,7,0,4,28,15,27,81,5,3,0,1,0
